,rental_id,car_id,checkin_type,state,delay_at_checkout_in_minutes,previous_ended_rental_id,time_delta_with_previous_rental_in_minutes,delay_hours,delay_minutes,delay,delay_days,checkin_late,checkin_late_hours,checkin_late_minutes,checkin_time
19,519491,312389,mobile,ended,58.0,545639.0,420.0,0.0,58.0,late,0.0,-362.0,-7.0,58.0,early
87,535611,397814,mobile,ended,68.0,535512.0,300.0,1.0,8.0,late,0.0,-232.0,-4.0,8.0,early
90,535770,352436,mobile,ended,74.0,524703.0,60.0,1.0,14.0,late,0.0,14.0,0.0,14.0,late
107,537576,397470,mobile,ended,18.0,539005.0,0.0,0.0,18.0,late,0.0,18.0,0.0,18.0,late
148,540479,374684,mobile,ended,12.0,539751.0,0.0,0.0,12.0,late,0.0,12.0,0.0,12.0,late
164,541862,382364,mobile,ended,125.0,540607.0,0.0,2.0,5.0,late,0.0,125.0,2.0,5.0,late
176,542374,409676,mobile,ended,50.0,540444.0,180.0,0.0,50.0,late,0.0,-130.0,-3.0,50.0,early
201,543679,225795,connect,ended,64.0,540663.0,540.0,1.0,4.0,late,0.0,-476.0,-8.0,4.0,early
206,543808,369230,mobile,ended,75.0,536315.0,60.0,1.0,15.0,late,0.0,15.0,0.0,15.0,late
246,546477,383309,mobile,ended,16.0,548486.0,660.0,0.0,16.0,late,0.0,-644.0,-11.0,16.0,early
265,547188,231676,mobile,ended,266.0,535868.0,30.0,4.0,26.0,late,0.0,236.0,3.0,56.0,late
284,548912,411521,mobile,ended,225.0,553683.0,60.0,3.0,45.0,late,0.0,165.0,2.0,45.0,late
342,552330,384657,connect,ended,23.0,554800.0,0.0,0.0,23.0,late,0.0,23.0,0.0,23.0,late
359,553367,385783,mobile,ended,24.0,519328.0,150.0,0.0,24.0,late,0.0,-126.0,-3.0,54.0,early
375,554695,402993,mobile,ended,17.0,560722.0,720.0,0.0,17.0,late,0.0,-703.0,-12.0,17.0,early
410,557674,375915,mobile,ended,15.0,550183.0,480.0,0.0,15.0,late,0.0,-465.0,-8.0,15.0,early
436,559435,281955,mobile,ended,18.0,553797.0,60.0,0.0,18.0,late,0.0,-42.0,-1.0,18.0,early
438,559781,408776,mobile,ended,44.0,540868.0,0.0,0.0,44.0,late,0.0,44.0,0.0,44.0,late
459,561450,192179,connect,ended,7.0,541144.0,540.0,0.0,7.0,late,0.0,-533.0,-9.0,7.0,early
489,563552,241021,connect,ended,25.0,567278.0,60.0,0.0,25.0,late,0.0,-35.0,-1.0,25.0,early
494,564045,381123,mobile,ended,99.0,554558.0,660.0,1.0,39.0,late,0.0,-561.0,-10.0,39.0,early
498,564414,195888,mobile,ended,20.0,564484.0,180.0,0.0,20.0,late,0.0,-160.0,-3.0,20.0,early
501,564500,382884,mobile,ended,69.0,555024.0,420.0,1.0,9.0,late,0.0,-351.0,-6.0,9.0,early
547,520147,392147,mobile,ended,1.0,536236.0,390.0,0.0,1.0,late,0.0,-389.0,-7.0,31.0,early
568,529239,354515,mobile,ended,10.0,565896.0,360.0,0.0,10.0,late,0.0,-350.0,-6.0,10.0,early
611,567120,415953,mobile,ended,27.0,567178.0,150.0,0.0,27.0,late,0.0,-123.0,-3.0,57.0,early
622,567636,376840,connect,ended,101.0,564959.0,0.0,1.0,41.0,late,0.0,101.0,1.0,41.0,late
638,568817,314605,mobile,ended,43.0,565775.0,360.0,0.0,43.0,late,0.0,-317.0,-6.0,43.0,early
678,522507,390927,connect,ended,183.0,523328.0,510.0,3.0,3.0,late,0.0,-327.0,-6.0,33.0,early
697,529128,382700,mobile,ended,6.0,506728.0,0.0,0.0,6.0,late,0.0,6.0,0.0,6.0,late
729,573034,227100,mobile,ended,4.0,569554.0,120.0,0.0,4.0,late,0.0,-116.0,-2.0,4.0,early
735,574568,301512,mobile,ended,110.0,572909.0,0.0,1.0,50.0,late,0.0,110.0,1.0,50.0,late
791,521865,401475,connect,ended,113.0,514932.0,540.0,1.0,53.0,late,0.0,-427.0,-8.0,53.0,early
824,533364,344091,mobile,ended,31.0,536325.0,180.0,0.0,31.0,late,0.0,-149.0,-3.0,31.0,early
864,537441,408821,mobile,ended,25.0,541519.0,90.0,0.0,25.0,late,0.0,-65.0,-2.0,55.0,early
980,538136,175289,connect,ended,6.0,547208.0,570.0,0.0,6.0,late,0.0,-564.0,-10.0,36.0,early
1000,527226,321582,mobile,ended,97.0,536220.0,270.0,1.0,37.0,late,0.0,-173.0,-3.0,7.0,early
1067,537841,265664,connect,ended,186.0,536761.0,240.0,3.0,6.0,late,0.0,-54.0,-1.0,6.0,early
1114,539618,297119,mobile,ended,101.0,538807.0,30.0,1.0,41.0,late,0.0,71.0,1.0,11.0,late
1126,540222,360474,connect,ended,71.0,539404.0,180.0,1.0,11.0,late,0.0,-109.0,-2.0,11.0,early
1132,540924,374809,connect,ended,2.0,547311.0,240.0,0.0,2.0,late,0.0,-238.0,-4.0,2.0,early
1133,540942,325695,mobile,ended,2.0,536685.0,600.0,0.0,2.0,late,0.0,-598.0,-10.0,2.0,early
1160,542401,410393,mobile,ended,7.0,541971.0,180.0,0.0,7.0,late,0.0,-173.0,-3.0,7.0,early
1161,542519,356106,connect,ended,27.0,545322.0,270.0,0.0,27.0,late,0.0,-243.0,-5.0,57.0,early
1175,543625,366071,mobile,ended,2.0,538192.0,720.0,0.0,2.0,late,0.0,-718.0,-12.0,2.0,early
1221,539760,216148,connect,ended,194.0,537416.0,0.0,3.0,14.0,late,0.0,194.0,3.0,14.0,late
1230,540108,392813,mobile,ended,840.0,540368.0,120.0,14.0,0.0,late,0.0,720.0,12.0,0.0,late
1269,543010,374169,connect,ended,42.0,536789.0,120.0,0.0,42.0,late,0.0,-78.0,-2.0,42.0,early
1273,543108,376574,mobile,ended,23.0,514474.0,0.0,0.0,23.0,late,0.0,23.0,0.0,23.0,late
1286,543866,406999,mobile,ended,14.0,541317.0,150.0,0.0,14.0,late,0.0,-136.0,-3.0,44.0,early
1300,544792,214635,connect,ended,40.0,545831.0,90.0,0.0,40.0,late,0.0,-50.0,-1.0,10.0,early
1327,539987,383110,connect,ended,76.0,528385.0,480.0,1.0,16.0,late,0.0,-404.0,-7.0,16.0,early
1345,540885,294883,mobile,ended,18.0,542526.0,0.0,0.0,18.0,late,0.0,18.0,0.0,18.0,late
1346,540892,402677,mobile,ended,205.0,540131.0,60.0,3.0,25.0,late,0.0,145.0,2.0,25.0,late
1356,541756,229646,mobile,ended,205.0,528516.0,60.0,3.0,25.0,late,0.0,145.0,2.0,25.0,late
1386,543359,380813,mobile,ended,594.0,537074.0,0.0,9.0,54.0,late,0.0,594.0,9.0,54.0,late
1414,545177,390509,connect,ended,72.0,542725.0,720.0,1.0,12.0,late,0.0,-648.0,-11.0,12.0,early
1513,535030,407334,mobile,ended,69.0,537148.0,60.0,1.0,9.0,late,0.0,9.0,0.0,9.0,late
1516,536022,383329,mobile,ended,14.0,539569.0,120.0,0.0,14.0,late,0.0,-106.0,-2.0,14.0,early
1543,538330,379984,mobile,ended,31.0,532790.0,0.0,0.0,31.0,late,0.0,31.0,0.0,31.0,late
1706,518569,277669,mobile,ended,14.0,523594.0,480.0,0.0,14.0,late,0.0,-466.0,-8.0,14.0,early
1753,547062,396552,mobile,ended,27.0,513104.0,90.0,0.0,27.0,late,0.0,-63.0,-2.0,57.0,early
1761,547655,375834,mobile,ended,89.0,548169.0,0.0,1.0,29.0,late,0.0,89.0,1.0,29.0,late
1774,548863,409344,mobile,ended,7.0,547160.0,300.0,0.0,7.0,late,0.0,-293.0,-5.0,7.0,early
1775,548864,396250,mobile,ended,527.0,550060.0,120.0,8.0,47.0,late,0.0,407.0,6.0,47.0,late
1799,550504,405611,connect,ended,59.0,562977.0,630.0,0.0,59.0,late,0.0,-571.0,-10.0,29.0,early
1808,550832,358082,connect,ended,34.0,549771.0,90.0,0.0,34.0,late,0.0,-56.0,-1.0,4.0,early
1835,540784,310576,connect,ended,54.0,536453.0,0.0,0.0,54.0,late,0.0,54.0,0.0,54.0,late
1857,541926,409589,mobile,ended,4.0,538736.0,150.0,0.0,4.0,late,0.0,-146.0,-3.0,34.0,early
1874,545532,387939,connect,ended,7.0,546352.0,300.0,0.0,7.0,late,0.0,-293.0,-5.0,7.0,early
1970,551707,404424,mobile,ended,105.0,550671.0,0.0,1.0,45.0,late,0.0,105.0,1.0,45.0,late
1977,548814,338940,mobile,ended,11.0,531952.0,450.0,0.0,11.0,late,0.0,-439.0,-8.0,41.0,early
1992,549917,389958,mobile,ended,9.0,557743.0,720.0,0.0,9.0,late,0.0,-711.0,-12.0,9.0,early
2086,552049,404192,mobile,ended,1392.0,551936.0,150.0,23.0,12.0,late,0.0,1242.0,20.0,42.0,late
2087,552230,338940,mobile,ended,233.0,513740.0,30.0,3.0,53.0,late,0.0,203.0,3.0,23.0,late
2139,555821,326578,mobile,ended,1143.0,558583.0,0.0,19.0,3.0,late,0.0,1143.0,19.0,3.0,late
2159,557318,334190,connect,ended,158.0,556215.0,660.0,2.0,38.0,late,0.0,-502.0,-9.0,38.0,early
2172,558448,383110,connect,ended,64.0,554348.0,150.0,1.0,4.0,late,0.0,-86.0,-2.0,34.0,early
2231,521076,380708,connect,ended,103.0,539450.0,210.0,1.0,43.0,late,0.0,-107.0,-2.0,13.0,early
2332,539838,295415,mobile,ended,2.0,541223.0,390.0,0.0,2.0,late,0.0,-388.0,-7.0,32.0,early
2350,541281,397046,mobile,ended,14.0,537194.0,210.0,0.0,14.0,late,0.0,-196.0,-4.0,44.0,early
2374,542781,309723,mobile,ended,297.0,541286.0,30.0,4.0,57.0,late,0.0,267.0,4.0,27.0,late
2437,545980,396009,connect,ended,1.0,549819.0,60.0,0.0,1.0,late,0.0,-59.0,-1.0,1.0,early
2455,546955,398802,mobile,ended,25.0,543655.0,360.0,0.0,25.0,late,0.0,-335.0,-6.0,25.0,early
2509,536107,385721,connect,ended,62.0,525106.0,570.0,1.0,2.0,late,0.0,-508.0,-9.0,32.0,early
2538,557368,375553,mobile,ended,11.0,549518.0,720.0,0.0,11.0,late,0.0,-709.0,-12.0,11.0,early
2547,557878,386786,mobile,ended,5.0,553306.0,360.0,0.0,5.0,late,0.0,-355.0,-6.0,5.0,early
2556,558634,380019,mobile,ended,183.0,546644.0,420.0,3.0,3.0,late,0.0,-237.0,-4.0,3.0,early
2663,539385,355817,mobile,ended,111.0,535816.0,0.0,1.0,51.0,late,0.0,111.0,1.0,51.0,late
2668,539733,384479,mobile,ended,73.0,526536.0,660.0,1.0,13.0,late,0.0,-587.0,-10.0,13.0,early
2681,540372,385721,connect,ended,48.0,516961.0,0.0,0.0,48.0,late,0.0,48.0,0.0,48.0,late
2701,541493,285241,connect,ended,226.0,562771.0,540.0,3.0,46.0,late,0.0,-314.0,-6.0,46.0,early
2711,551242,406995,mobile,ended,132.0,537861.0,540.0,2.0,12.0,late,0.0,-408.0,-7.0,12.0,early
2742,559883,364783,mobile,ended,49.0,555469.0,660.0,0.0,49.0,late,0.0,-611.0,-11.0,49.0,early
2793,524276,374486,mobile,ended,50.0,541215.0,510.0,0.0,50.0,late,0.0,-460.0,-8.0,20.0,early
2839,562027,379931,mobile,ended,29.0,557945.0,30.0,0.0,29.0,late,0.0,-1.0,-1.0,59.0,early
2864,566508,307439,mobile,ended,319.0,559522.0,90.0,5.0,19.0,late,0.0,229.0,3.0,49.0,late
2875,567517,358103,mobile,ended,5.0,561286.0,0.0,0.0,5.0,late,0.0,5.0,0.0,5.0,late
2890,568976,375834,mobile,ended,91.0,566493.0,60.0,1.0,31.0,late,0.0,31.0,0.0,31.0,late
2985,564518,389104,mobile,ended,7.0,546382.0,30.0,0.0,7.0,late,0.0,-23.0,-1.0,37.0,early
2997,565759,409863,mobile,ended,266.0,564788.0,30.0,4.0,26.0,late,0.0,236.0,3.0,56.0,late
3021,519493,389219,mobile,ended,19.0,515851.0,120.0,0.0,19.0,late,0.0,-101.0,-2.0,19.0,early
3052,530724,397728,mobile,ended,5.0,572331.0,270.0,0.0,5.0,late,0.0,-265.0,-5.0,35.0,early
3120,531952,338940,mobile,ended,320.0,542671.0,0.0,5.0,20.0,late,0.0,320.0,5.0,20.0,late
3144,535690,313432,mobile,ended,84.0,539109.0,60.0,1.0,24.0,late,0.0,24.0,0.0,24.0,late
3147,535914,265239,connect,ended,44.0,538830.0,120.0,0.0,44.0,late,0.0,-76.0,-2.0,44.0,early
3171,537518,350149,mobile,ended,267.0,538529.0,60.0,4.0,27.0,late,0.0,207.0,3.0,27.0,late
3203,554280,401475,connect,ended,39.0,553682.0,450.0,0.0,39.0,late,0.0,-411.0,-7.0,9.0,early
3266,544819,401470,mobile,ended,39.0,543823.0,570.0,0.0,39.0,late,0.0,-531.0,-9.0,9.0,early
3272,545022,363918,mobile,ended,489.0,545032.0,60.0,8.0,9.0,late,0.0,429.0,7.0,9.0,late
3305,556401,339138,connect,ended,62.0,565263.0,0.0,1.0,2.0,late,0.0,62.0,1.0,2.0,late
3335,558403,380407,mobile,ended,4.0,547147.0,0.0,0.0,4.0,late,0.0,4.0,0.0,4.0,late
3364,559963,331900,mobile,ended,66.0,559063.0,30.0,1.0,6.0,late,0.0,36.0,0.0,36.0,late
3373,560479,384567,connect,ended,32.0,559510.0,90.0,0.0,32.0,late,0.0,-58.0,-1.0,2.0,early
3374,560548,351024,mobile,ended,6.0,508535.0,90.0,0.0,6.0,late,0.0,-84.0,-2.0,36.0,early
3396,569053,393982,mobile,ended,129.0,563562.0,630.0,2.0,9.0,late,0.0,-501.0,-9.0,39.0,early
3399,569211,348551,mobile,ended,115.0,558223.0,330.0,1.0,55.0,late,0.0,-215.0,-4.0,25.0,early
3400,569313,367919,connect,ended,384.0,545720.0,0.0,6.0,24.0,late,0.0,384.0,6.0,24.0,late
3421,572859,404128,connect,ended,725.0,571634.0,180.0,12.0,5.0,late,0.0,545.0,9.0,5.0,late
3429,506161,369881,connect,ended,6.0,549345.0,30.0,0.0,6.0,late,0.0,-24.0,-1.0,36.0,early
3492,533317,381029,mobile,ended,1.0,539720.0,90.0,0.0,1.0,late,0.0,-89.0,-2.0,31.0,early
3506,562717,402083,connect,ended,493.0,561928.0,360.0,8.0,13.0,late,0.0,133.0,2.0,13.0,late
3524,548388,297511,mobile,ended,160.0,546459.0,420.0,2.0,40.0,late,0.0,-260.0,-5.0,40.0,early
3529,548718,399575,connect,ended,73.0,558387.0,630.0,1.0,13.0,late,0.0,-557.0,-10.0,43.0,early
3543,549270,405622,mobile,ended,21.0,549855.0,450.0,0.0,21.0,late,0.0,-429.0,-8.0,51.0,early
3590,563572,264457,mobile,ended,92.0,566229.0,240.0,1.0,32.0,late,0.0,-148.0,-3.0,32.0,early
3592,563721,413181,mobile,ended,2.0,560542.0,150.0,0.0,2.0,late,0.0,-148.0,-3.0,32.0,early
3648,568141,224728,mobile,ended,37.0,567789.0,30.0,0.0,37.0,late,0.0,7.0,0.0,7.0,late
3656,568967,364907,connect,ended,37.0,555169.0,60.0,0.0,37.0,late,0.0,-23.0,-1.0,37.0,early
3663,569683,310444,connect,ended,77.0,565569.0,450.0,1.0,17.0,late,0.0,-373.0,-7.0,47.0,early
3665,570039,363377,mobile,ended,17.0,562077.0,180.0,0.0,17.0,late,0.0,-163.0,-3.0,17.0,early
3720,531610,403239,mobile,ended,39.0,522490.0,60.0,0.0,39.0,late,0.0,-21.0,-1.0,39.0,early
3757,538181,397333,mobile,ended,704.0,540525.0,0.0,11.0,44.0,late,0.0,704.0,11.0,44.0,late
3764,538584,406994,mobile,ended,9.0,533472.0,330.0,0.0,9.0,late,0.0,-321.0,-6.0,39.0,early
3814,536185,394555,connect,ended,87.0,538270.0,690.0,1.0,27.0,late,0.0,-603.0,-11.0,57.0,early
3850,534768,287544,mobile,ended,164.0,531476.0,120.0,2.0,44.0,late,0.0,44.0,0.0,44.0,late
3889,537290,340112,mobile,ended,83.0,539219.0,300.0,1.0,23.0,late,0.0,-217.0,-4.0,23.0,early
3896,537598,338935,mobile,ended,188.0,537023.0,60.0,3.0,8.0,late,0.0,128.0,2.0,8.0,late
3919,539674,344254,connect,ended,125.0,541533.0,60.0,2.0,5.0,late,0.0,65.0,1.0,5.0,late
3936,540722,321069,mobile,ended,224.0,512562.0,360.0,3.0,44.0,late,0.0,-136.0,-3.0,44.0,early
4006,541826,404130,connect,ended,97.0,543513.0,30.0,1.0,37.0,late,0.0,67.0,1.0,7.0,late
4023,543124,363658,mobile,ended,146.0,542107.0,180.0,2.0,26.0,late,0.0,-34.0,-1.0,26.0,early
4039,544337,311923,connect,ended,21.0,563869.0,510.0,0.0,21.0,late,0.0,-489.0,-9.0,51.0,early
4040,544376,373233,mobile,ended,121.0,544861.0,60.0,2.0,1.0,late,0.0,61.0,1.0,1.0,late
4060,566060,394656,connect,ended,5.0,564793.0,240.0,0.0,5.0,late,0.0,-235.0,-4.0,5.0,early
4092,552250,409539,mobile,ended,100.0,560505.0,600.0,1.0,40.0,late,0.0,-500.0,-9.0,40.0,early
4112,553553,408883,mobile,ended,8.0,564585.0,0.0,0.0,8.0,late,0.0,8.0,0.0,8.0,late
4234,542830,328900,connect,ended,265.0,508109.0,0.0,4.0,25.0,late,0.0,265.0,4.0,25.0,late
4237,543115,381914,mobile,ended,7.0,541395.0,300.0,0.0,7.0,late,0.0,-293.0,-5.0,7.0,early
4241,543401,215979,mobile,ended,13.0,542150.0,210.0,0.0,13.0,late,0.0,-197.0,-4.0,43.0,early
4244,543559,392241,connect,ended,42.0,538768.0,120.0,0.0,42.0,late,0.0,-78.0,-2.0,42.0,early
4267,544979,392479,mobile,ended,183.0,547804.0,120.0,3.0,3.0,late,0.0,63.0,1.0,3.0,late
4290,545618,305525,connect,ended,43.0,543394.0,570.0,0.0,43.0,late,0.0,-527.0,-9.0,13.0,early
4299,546532,407632,mobile,ended,6.0,546199.0,720.0,0.0,6.0,late,0.0,-714.0,-12.0,6.0,early
4309,547130,411325,mobile,ended,22.0,545629.0,0.0,0.0,22.0,late,0.0,22.0,0.0,22.0,late
4312,547311,374809,connect,ended,7.0,539330.0,90.0,0.0,7.0,late,0.0,-83.0,-2.0,37.0,early
4360,550566,373889,mobile,ended,70.0,542811.0,120.0,1.0,10.0,late,0.0,-50.0,-1.0,10.0,early
4362,550654,357007,mobile,ended,30.0,508605.0,30.0,0.0,30.0,late,0.0,0.0,0.0,0.0,late
4375,551987,341840,mobile,ended,68.0,529556.0,150.0,1.0,8.0,late,0.0,-82.0,-2.0,38.0,early
4392,541646,364890,mobile,ended,621.0,538703.0,210.0,10.0,21.0,late,0.0,411.0,6.0,51.0,late
4435,544198,263232,mobile,ended,83.0,538218.0,300.0,1.0,23.0,late,0.0,-217.0,-4.0,23.0,early
4460,546056,408509,mobile,ended,72.0,549516.0,120.0,1.0,12.0,late,0.0,-48.0,-1.0,12.0,early
4503,558441,358225,mobile,ended,4.0,552053.0,0.0,0.0,4.0,late,0.0,4.0,0.0,4.0,late
4535,559976,344254,connect,ended,51.0,558129.0,60.0,0.0,51.0,late,0.0,-9.0,-1.0,51.0,early
4552,545594,392479,mobile,ended,22.0,538397.0,570.0,0.0,22.0,late,0.0,-548.0,-10.0,52.0,early
4562,546070,313952,mobile,ended,238.0,569185.0,570.0,3.0,58.0,late,0.0,-332.0,-6.0,28.0,early
4581,547872,338243,connect,ended,83.0,549555.0,600.0,1.0,23.0,late,0.0,-517.0,-9.0,23.0,early
4621,546636,399528,connect,ended,4.0,545268.0,540.0,0.0,4.0,late,0.0,-536.0,-9.0,4.0,early
4644,548185,385295,mobile,ended,129.0,538747.0,600.0,2.0,9.0,late,0.0,-471.0,-8.0,9.0,early
4676,550479,265239,connect,ended,51.0,520615.0,0.0,0.0,51.0,late,0.0,51.0,0.0,51.0,late
4701,552365,404130,connect,ended,12.0,553206.0,480.0,0.0,12.0,late,0.0,-468.0,-8.0,12.0,early
4738,522640,394543,mobile,ended,21.0,546468.0,60.0,0.0,21.0,late,0.0,-39.0,-1.0,21.0,early
4762,533596,352799,mobile,ended,46.0,538423.0,720.0,0.0,46.0,late,0.0,-674.0,-12.0,46.0,early
4797,553836,340616,connect,ended,54.0,553933.0,30.0,0.0,54.0,late,0.0,24.0,0.0,24.0,late
4803,554383,159533,connect,ended,41.0,512682.0,330.0,0.0,41.0,late,0.0,-289.0,-5.0,11.0,early
4804,554407,310049,mobile,ended,76.0,551523.0,120.0,1.0,16.0,late,0.0,-44.0,-1.0,16.0,early
4835,549968,377004,mobile,ended,52.0,550088.0,30.0,0.0,52.0,late,0.0,22.0,0.0,22.0,late
4841,550240,407865,mobile,ended,15.0,550984.0,120.0,0.0,15.0,late,0.0,-105.0,-2.0,15.0,early
4852,550994,303309,connect,ended,31.0,549854.0,720.0,0.0,31.0,late,0.0,-689.0,-12.0,31.0,early
4859,551565,356673,mobile,ended,176.0,548460.0,60.0,2.0,56.0,late,0.0,116.0,1.0,56.0,late
4863,551667,350149,mobile,ended,272.0,555318.0,150.0,4.0,32.0,late,0.0,122.0,2.0,2.0,late
4873,552116,363280,mobile,ended,4.0,519547.0,540.0,0.0,4.0,late,0.0,-536.0,-9.0,4.0,early
4879,552598,376840,connect,ended,10.0,549549.0,540.0,0.0,10.0,late,0.0,-530.0,-9.0,10.0,early
4897,554174,312622,mobile,ended,11.0,554035.0,60.0,0.0,11.0,late,0.0,-49.0,-1.0,11.0,early
4900,554235,394801,mobile,ended,7.0,559412.0,30.0,0.0,7.0,late,0.0,-23.0,-1.0,37.0,early
4946,549565,390692,mobile,ended,78.0,530304.0,0.0,1.0,18.0,late,0.0,78.0,1.0,18.0,late
4970,551141,372115,mobile,ended,24.0,550285.0,660.0,0.0,24.0,late,0.0,-636.0,-11.0,24.0,early
4983,551997,398886,mobile,ended,205.0,550567.0,60.0,3.0,25.0,late,0.0,145.0,2.0,25.0,late
5000,553523,412539,mobile,ended,1489.0,552169.0,480.0,24.0,49.0,late,1.0,1009.0,16.0,49.0,late
5057,553646,274001,mobile,ended,7.0,539712.0,120.0,0.0,7.0,late,0.0,-113.0,-2.0,7.0,early
5086,555143,320834,connect,ended,25.0,564613.0,120.0,0.0,25.0,late,0.0,-95.0,-2.0,25.0,early
5088,555258,229646,mobile,ended,79.0,550583.0,450.0,1.0,19.0,late,0.0,-371.0,-7.0,49.0,early
5094,555641,368724,mobile,ended,24.0,565544.0,60.0,0.0,24.0,late,0.0,-36.0,-1.0,24.0,early
5107,556500,362187,connect,ended,15.0,555592.0,60.0,0.0,15.0,late,0.0,-45.0,-1.0,15.0,early
5155,556319,383462,connect,ended,55.0,558174.0,660.0,0.0,55.0,late,0.0,-605.0,-11.0,55.0,early
5168,557619,320438,mobile,ended,17.0,556077.0,150.0,0.0,17.0,late,0.0,-133.0,-3.0,47.0,early
5179,558258,357530,connect,ended,2.0,557097.0,690.0,0.0,2.0,late,0.0,-688.0,-12.0,32.0,early
5194,559316,414201,mobile,ended,30.0,557671.0,690.0,0.0,30.0,late,0.0,-660.0,-11.0,0.0,early
5199,559739,308181,connect,ended,8.0,564990.0,120.0,0.0,8.0,late,0.0,-112.0,-2.0,8.0,early
5200,559788,397599,mobile,ended,54.0,559390.0,630.0,0.0,54.0,late,0.0,-576.0,-10.0,24.0,early
5204,559886,347011,mobile,ended,140.0,557366.0,60.0,2.0,20.0,late,0.0,80.0,1.0,20.0,late
5215,560682,305452,mobile,ended,139.0,553996.0,570.0,2.0,19.0,late,0.0,-431.0,-8.0,49.0,early
5247,563218,397592,mobile,ended,93.0,560585.0,60.0,1.0,33.0,late,0.0,33.0,0.0,33.0,late
5265,556970,403644,mobile,ended,45.0,556081.0,30.0,0.0,45.0,late,0.0,15.0,0.0,15.0,late
5268,557344,381994,mobile,ended,53.0,554398.0,60.0,0.0,53.0,late,0.0,-7.0,-1.0,53.0,early
5301,558733,320824,connect,ended,36.0,554117.0,150.0,0.0,36.0,late,0.0,-114.0,-2.0,6.0,early
5340,562075,403430,mobile,ended,70.0,554144.0,720.0,1.0,10.0,late,0.0,-650.0,-11.0,10.0,early
5437,556362,351153,mobile,ended,17.0,554711.0,720.0,0.0,17.0,late,0.0,-703.0,-12.0,17.0,early
5517,566774,377591,connect,ended,281.0,544588.0,0.0,4.0,41.0,late,0.0,281.0,4.0,41.0,late
5547,525837,244848,connect,ended,172.0,543686.0,120.0,2.0,52.0,late,0.0,52.0,0.0,52.0,late
5574,535209,383540,mobile,ended,3.0,538639.0,330.0,0.0,3.0,late,0.0,-327.0,-6.0,33.0,early
5586,558633,336650,connect,ended,19.0,557424.0,0.0,0.0,19.0,late,0.0,19.0,0.0,19.0,late
5589,558813,403430,mobile,ended,254.0,562075.0,660.0,4.0,14.0,late,0.0,-406.0,-7.0,14.0,early
5631,561935,347464,connect,ended,116.0,566651.0,300.0,1.0,56.0,late,0.0,-184.0,-4.0,56.0,early
5650,563248,385625,connect,ended,6.0,556513.0,0.0,0.0,6.0,late,0.0,6.0,0.0,6.0,late
5701,561947,390927,connect,ended,40.0,537960.0,660.0,0.0,40.0,late,0.0,-620.0,-11.0,40.0,early
5704,562199,392479,mobile,ended,77.0,545594.0,720.0,1.0,17.0,late,0.0,-643.0,-11.0,17.0,early
5732,564127,389565,connect,ended,81.0,565814.0,510.0,1.0,21.0,late,0.0,-429.0,-8.0,51.0,early
5751,568054,293992,mobile,ended,1147.0,562269.0,60.0,19.0,7.0,late,0.0,1087.0,18.0,7.0,late
5757,568539,375126,connect,ended,139.0,566798.0,630.0,2.0,19.0,late,0.0,-491.0,-9.0,49.0,early
5759,569145,300505,connect,ended,46.0,560610.0,90.0,0.0,46.0,late,0.0,-44.0,-1.0,16.0,early
5785,572853,366164,connect,ended,39.0,569272.0,360.0,0.0,39.0,late,0.0,-321.0,-6.0,39.0,early
5895,524637,348225,mobile,ended,37.0,550539.0,0.0,0.0,37.0,late,0.0,37.0,0.0,37.0,late
5936,568119,342699,connect,ended,14.0,563443.0,30.0,0.0,14.0,late,0.0,-16.0,-1.0,44.0,early
5952,515626,324197,mobile,ended,62.0,525338.0,210.0,1.0,2.0,late,0.0,-148.0,-3.0,32.0,early
5975,525787,372809,connect,ended,10.0,561211.0,600.0,0.0,10.0,late,0.0,-590.0,-10.0,10.0,early
5985,529626,324821,connect,ended,66.0,537033.0,720.0,1.0,6.0,late,0.0,-654.0,-11.0,6.0,early
6028,509463,339189,connect,ended,75.0,527519.0,360.0,1.0,15.0,late,0.0,-285.0,-5.0,15.0,early
6032,511425,351146,mobile,ended,26.0,555546.0,90.0,0.0,26.0,late,0.0,-64.0,-2.0,56.0,early
6034,513104,396552,mobile,ended,23.0,535313.0,720.0,0.0,23.0,late,0.0,-697.0,-12.0,23.0,early
6053,524355,385972,mobile,ended,1.0,548080.0,660.0,0.0,1.0,late,0.0,-659.0,-11.0,1.0,early
6113,536038,390702,connect,ended,37.0,554652.0,660.0,0.0,37.0,late,0.0,-623.0,-11.0,37.0,early
6126,537133,340868,connect,ended,24.0,532994.0,60.0,0.0,24.0,late,0.0,-36.0,-1.0,24.0,early
6136,567303,356630,mobile,ended,69.0,561882.0,180.0,1.0,9.0,late,0.0,-111.0,-2.0,9.0,early
6190,576292,181625,connect,ended,9.0,573698.0,90.0,0.0,9.0,late,0.0,-81.0,-2.0,39.0,early
6201,512171,395608,mobile,ended,5.0,535039.0,180.0,0.0,5.0,late,0.0,-175.0,-3.0,5.0,early
6222,526948,214635,connect,ended,29.0,522667.0,180.0,0.0,29.0,late,0.0,-151.0,-3.0,29.0,early
6301,541178,392635,mobile,ended,86.0,523175.0,0.0,1.0,26.0,late,0.0,86.0,1.0,26.0,late
6315,542245,383255,mobile,ended,451.0,539006.0,240.0,7.0,31.0,late,0.0,211.0,3.0,31.0,late
6340,543791,391153,mobile,ended,310.0,544230.0,720.0,5.0,10.0,late,0.0,-410.0,-7.0,10.0,early
6344,544030,404771,mobile,ended,72.0,543848.0,120.0,1.0,12.0,late,0.0,-48.0,-1.0,12.0,early
6356,544902,387939,connect,ended,32.0,545532.0,510.0,0.0,32.0,late,0.0,-478.0,-8.0,2.0,early
6409,547981,372924,mobile,ended,36.0,550415.0,210.0,0.0,36.0,late,0.0,-174.0,-3.0,6.0,early
6432,549647,369542,connect,ended,53.0,563235.0,480.0,0.0,53.0,late,0.0,-427.0,-8.0,53.0,early
6457,551308,342067,mobile,ended,42.0,545062.0,0.0,0.0,42.0,late,0.0,42.0,0.0,42.0,late
6467,552074,412682,mobile,ended,71.0,564237.0,240.0,1.0,11.0,late,0.0,-169.0,-3.0,11.0,early
6481,553045,407524,mobile,ended,106.0,554266.0,480.0,1.0,46.0,late,0.0,-374.0,-7.0,46.0,early
6562,559326,412623,mobile,ended,46.0,557439.0,180.0,0.0,46.0,late,0.0,-134.0,-3.0,46.0,early
6594,568175,415726,mobile,ended,34.0,567093.0,180.0,0.0,34.0,late,0.0,-146.0,-3.0,34.0,early
6597,568573,342699,connect,ended,11.0,568298.0,60.0,0.0,11.0,late,0.0,-49.0,-1.0,11.0,early
6624,571892,339138,connect,ended,20.0,571215.0,90.0,0.0,20.0,late,0.0,-70.0,-2.0,50.0,early
6657,564574,375421,connect,ended,34.0,515659.0,330.0,0.0,34.0,late,0.0,-296.0,-5.0,4.0,early
6668,565262,333753,mobile,ended,163.0,564522.0,240.0,2.0,43.0,late,0.0,-77.0,-2.0,43.0,early
6722,565728,374486,mobile,ended,50.0,569229.0,360.0,0.0,50.0,late,0.0,-310.0,-6.0,50.0,early
6735,566349,384657,connect,ended,199.0,561722.0,690.0,3.0,19.0,late,0.0,-491.0,-9.0,49.0,early
6749,567140,402308,mobile,ended,687.0,561807.0,0.0,11.0,27.0,late,0.0,687.0,11.0,27.0,late
6766,568251,404629,mobile,ended,789.0,565555.0,60.0,13.0,9.0,late,0.0,729.0,12.0,9.0,late
6784,570447,396289,mobile,ended,26.0,561080.0,180.0,0.0,26.0,late,0.0,-154.0,-3.0,26.0,early
6803,572714,298466,mobile,ended,218.0,565815.0,30.0,3.0,38.0,late,0.0,188.0,3.0,8.0,late
6810,574151,241021,connect,ended,3.0,572285.0,720.0,0.0,3.0,late,0.0,-717.0,-12.0,3.0,early
6814,574638,414681,mobile,ended,7.0,572181.0,180.0,0.0,7.0,late,0.0,-173.0,-3.0,7.0,early
6842,537063,306601,mobile,ended,44.0,557027.0,420.0,0.0,44.0,late,0.0,-376.0,-7.0,44.0,early
6904,533591,377172,mobile,ended,33.0,540059.0,180.0,0.0,33.0,late,0.0,-147.0,-3.0,33.0,early
6958,538716,356673,mobile,ended,90.0,529144.0,0.0,1.0,30.0,late,0.0,90.0,1.0,30.0,late
6991,541046,357005,mobile,ended,226.0,565872.0,420.0,3.0,46.0,late,0.0,-194.0,-4.0,46.0,early
6994,541155,336886,mobile,ended,39.0,533474.0,30.0,0.0,39.0,late,0.0,9.0,0.0,9.0,late
7009,566395,414230,mobile,ended,24.0,562156.0,0.0,0.0,24.0,late,0.0,24.0,0.0,24.0,late
7034,540127,296967,connect,ended,7.0,519682.0,720.0,0.0,7.0,late,0.0,-713.0,-12.0,7.0,early
7064,541897,321801,mobile,ended,3.0,539969.0,150.0,0.0,3.0,late,0.0,-147.0,-3.0,33.0,early
7102,568143,300781,mobile,ended,126.0,563657.0,0.0,2.0,6.0,late,0.0,126.0,2.0,6.0,late
7105,568526,305307,mobile,ended,30.0,554547.0,120.0,0.0,30.0,late,0.0,-90.0,-2.0,30.0,early
7120,571394,405433,mobile,ended,107.0,561213.0,300.0,1.0,47.0,late,0.0,-193.0,-4.0,47.0,early
7132,573622,390479,mobile,ended,5.0,570957.0,120.0,0.0,5.0,late,0.0,-115.0,-2.0,5.0,early
7157,535935,367535,mobile,ended,72.0,546067.0,270.0,1.0,12.0,late,0.0,-198.0,-4.0,42.0,early
7187,538178,392368,connect,ended,1064.0,557772.0,720.0,17.0,44.0,late,0.0,344.0,5.0,44.0,late
7206,539758,397599,mobile,ended,138.0,540797.0,0.0,2.0,18.0,late,0.0,138.0,2.0,18.0,late
7323,542962,337219,connect,ended,18.0,537400.0,240.0,0.0,18.0,late,0.0,-222.0,-4.0,18.0,early
7328,543343,248300,connect,ended,140.0,564185.0,450.0,2.0,20.0,late,0.0,-310.0,-6.0,50.0,early
7405,564869,365926,connect,ended,41.0,565321.0,180.0,0.0,41.0,late,0.0,-139.0,-3.0,41.0,early
7417,565646,377127,mobile,ended,45.0,563229.0,240.0,0.0,45.0,late,0.0,-195.0,-4.0,45.0,early
7459,543125,316042,mobile,ended,3.0,542232.0,720.0,0.0,3.0,late,0.0,-717.0,-12.0,3.0,early
7463,543525,386259,connect,ended,11.0,541605.0,0.0,0.0,11.0,late,0.0,11.0,0.0,11.0,late
7475,544327,317819,mobile,ended,22.0,523988.0,420.0,0.0,22.0,late,0.0,-398.0,-7.0,22.0,early
7478,544611,398802,mobile,ended,349.0,553900.0,690.0,5.0,49.0,late,0.0,-341.0,-6.0,19.0,early
7483,544791,402562,connect,ended,85.0,554505.0,60.0,1.0,25.0,late,0.0,25.0,0.0,25.0,late
7553,567623,391519,connect,ended,96.0,562244.0,720.0,1.0,36.0,late,0.0,-624.0,-11.0,36.0,early
7556,567765,349655,mobile,ended,165.0,561557.0,0.0,2.0,45.0,late,0.0,165.0,2.0,45.0,late
7565,568652,395204,connect,ended,142.0,563518.0,720.0,2.0,22.0,late,0.0,-578.0,-10.0,22.0,early
7593,571779,385073,mobile,ended,40.0,565610.0,690.0,0.0,40.0,late,0.0,-650.0,-11.0,10.0,early
7666,574019,374486,mobile,ended,42.0,565728.0,240.0,0.0,42.0,late,0.0,-198.0,-4.0,42.0,early
7669,575497,356190,mobile,ended,702.0,574596.0,30.0,11.0,42.0,late,0.0,672.0,11.0,12.0,late
7670,575539,294883,mobile,ended,85.0,572492.0,0.0,1.0,25.0,late,0.0,85.0,1.0,25.0,late
7683,513740,338940,mobile,ended,83.0,565837.0,0.0,1.0,23.0,late,0.0,83.0,1.0,23.0,late
7793,534012,404774,mobile,ended,32.0,545232.0,300.0,0.0,32.0,late,0.0,-268.0,-5.0,32.0,early
7837,538359,343808,connect,ended,38.0,537176.0,60.0,0.0,38.0,late,0.0,-22.0,-1.0,38.0,early
7848,539009,392327,mobile,ended,274.0,521664.0,600.0,4.0,34.0,late,0.0,-326.0,-6.0,34.0,early
7867,540003,409113,mobile,ended,7.0,540751.0,180.0,0.0,7.0,late,0.0,-173.0,-3.0,7.0,early
7985,544389,385629,connect,ended,23.0,517515.0,0.0,0.0,23.0,late,0.0,23.0,0.0,23.0,late
8002,541605,386259,connect,ended,1.0,535939.0,660.0,0.0,1.0,late,0.0,-659.0,-11.0,1.0,early
8024,542649,248272,mobile,ended,1382.0,542179.0,90.0,23.0,2.0,late,0.0,1292.0,21.0,32.0,late
8055,544994,333107,mobile,ended,45.0,540939.0,180.0,0.0,45.0,late,0.0,-135.0,-3.0,45.0,early
8057,545099,389599,mobile,ended,56.0,539042.0,0.0,0.0,56.0,late,0.0,56.0,0.0,56.0,late
8136,529225,364411,mobile,ended,88.0,547571.0,180.0,1.0,28.0,late,0.0,-92.0,-2.0,28.0,early
8203,538615,403884,mobile,ended,27.0,540902.0,0.0,0.0,27.0,late,0.0,27.0,0.0,27.0,late
8217,544271,335605,mobile,ended,40.0,534944.0,60.0,0.0,40.0,late,0.0,-20.0,-1.0,40.0,early
8223,544692,405622,mobile,ended,39.0,522854.0,120.0,0.0,39.0,late,0.0,-81.0,-2.0,39.0,early
8231,545045,377312,mobile,ended,22.0,563963.0,630.0,0.0,22.0,late,0.0,-608.0,-11.0,52.0,early
8239,546031,318867,mobile,ended,18.0,530797.0,270.0,0.0,18.0,late,0.0,-252.0,-5.0,48.0,early
8280,548763,334924,mobile,ended,66.0,534311.0,180.0,1.0,6.0,late,0.0,-114.0,-2.0,6.0,early
8281,548903,360981,mobile,ended,221.0,549631.0,30.0,3.0,41.0,late,0.0,191.0,3.0,11.0,late
8294,550033,285452,connect,ended,31.0,545931.0,0.0,0.0,31.0,late,0.0,31.0,0.0,31.0,late
8316,551121,352393,connect,ended,39.0,548333.0,480.0,0.0,39.0,late,0.0,-441.0,-8.0,39.0,early
8340,546727,401262,mobile,ended,39.0,544217.0,90.0,0.0,39.0,late,0.0,-51.0,-1.0,9.0,early
8342,547095,339540,mobile,ended,119.0,535528.0,60.0,1.0,59.0,late,0.0,59.0,0.0,59.0,late
8346,547493,346697,mobile,ended,78.0,557319.0,690.0,1.0,18.0,late,0.0,-612.0,-11.0,48.0,early
8441,514488,179304,mobile,ended,124.0,557954.0,0.0,2.0,4.0,late,0.0,124.0,2.0,4.0,late
8590,544945,340442,mobile,ended,48.0,538975.0,120.0,0.0,48.0,late,0.0,-72.0,-2.0,48.0,early
8600,536387,310661,mobile,ended,5.0,539166.0,720.0,0.0,5.0,late,0.0,-715.0,-12.0,5.0,early
8637,538721,288611,mobile,ended,17.0,534242.0,60.0,0.0,17.0,late,0.0,-43.0,-1.0,17.0,early
8682,507521,321752,connect,ended,54.0,547204.0,420.0,0.0,54.0,late,0.0,-366.0,-7.0,54.0,early
8711,526426,370907,mobile,ended,42.0,547543.0,0.0,0.0,42.0,late,0.0,42.0,0.0,42.0,late
8773,518985,380833,mobile,ended,19.0,535338.0,240.0,0.0,19.0,late,0.0,-221.0,-4.0,19.0,early
8894,535239,164960,connect,ended,81.0,538412.0,360.0,1.0,21.0,late,0.0,-279.0,-5.0,21.0,early
8929,537793,357875,mobile,ended,267.0,542111.0,0.0,4.0,27.0,late,0.0,267.0,4.0,27.0,late
8936,538248,224967,mobile,ended,54.0,529692.0,0.0,0.0,54.0,late,0.0,54.0,0.0,54.0,late
8944,538941,385178,connect,ended,241.0,540804.0,120.0,4.0,1.0,late,0.0,121.0,2.0,1.0,late
8954,548792,361564,mobile,ended,9.0,548637.0,60.0,0.0,9.0,late,0.0,-51.0,-1.0,9.0,early
8992,553735,359049,connect,ended,33.0,550645.0,390.0,0.0,33.0,late,0.0,-357.0,-6.0,3.0,early
8996,549537,412219,mobile,ended,67.0,549114.0,540.0,1.0,7.0,late,0.0,-473.0,-8.0,7.0,early
9003,550036,396532,mobile,ended,2943.0,546881.0,0.0,49.0,3.0,late,2.0,2943.0,49.0,3.0,late
9019,551485,388895,mobile,ended,196.0,551404.0,120.0,3.0,16.0,late,0.0,76.0,1.0,16.0,late
9021,551631,293523,mobile,ended,28.0,547485.0,0.0,0.0,28.0,late,0.0,28.0,0.0,28.0,late
9063,554330,392882,mobile,ended,142.0,543626.0,570.0,2.0,22.0,late,0.0,-428.0,-8.0,52.0,early
9085,555280,357875,mobile,ended,1357.0,547287.0,360.0,22.0,37.0,late,0.0,997.0,16.0,37.0,late
9106,545797,371387,mobile,ended,1606.0,546641.0,60.0,26.0,46.0,late,1.0,1546.0,25.0,46.0,late
9140,548293,405481,mobile,ended,80.0,532574.0,240.0,1.0,20.0,late,0.0,-160.0,-3.0,20.0,early
9274,543335,398876,mobile,ended,153.0,557295.0,540.0,2.0,33.0,late,0.0,-387.0,-7.0,33.0,early
9291,545560,258737,mobile,ended,59.0,542993.0,0.0,0.0,59.0,late,0.0,59.0,0.0,59.0,late
9298,545948,383344,connect,ended,83.0,519135.0,90.0,1.0,23.0,late,0.0,-7.0,-1.0,53.0,early
9322,551368,359045,connect,ended,31.0,551957.0,30.0,0.0,31.0,late,0.0,1.0,0.0,1.0,late
9365,540408,373893,connect,ended,14.0,537659.0,450.0,0.0,14.0,late,0.0,-436.0,-8.0,44.0,early
9553,556619,214635,connect,ended,2.0,540747.0,240.0,0.0,2.0,late,0.0,-238.0,-4.0,2.0,early
9602,556705,351660,connect,ended,69.0,558817.0,720.0,1.0,9.0,late,0.0,-651.0,-11.0,9.0,early
9617,557536,407411,mobile,ended,8.0,555201.0,30.0,0.0,8.0,late,0.0,-22.0,-1.0,38.0,early
9809,540078,351660,connect,ended,20.0,541498.0,240.0,0.0,20.0,late,0.0,-220.0,-4.0,20.0,early
9840,542274,368404,mobile,ended,16.0,523506.0,720.0,0.0,16.0,late,0.0,-704.0,-12.0,16.0,early
9894,549176,390481,mobile,ended,10.0,537874.0,330.0,0.0,10.0,late,0.0,-320.0,-6.0,40.0,early
9903,549636,336426,mobile,ended,1645.0,549493.0,0.0,27.0,25.0,late,1.0,1645.0,27.0,25.0,late
9907,549845,224728,mobile,ended,28.0,551198.0,30.0,0.0,28.0,late,0.0,-2.0,-1.0,58.0,early
9927,551255,383997,mobile,ended,34.0,525663.0,720.0,0.0,34.0,late,0.0,-686.0,-12.0,34.0,early
9948,552649,384479,mobile,ended,47.0,546050.0,180.0,0.0,47.0,late,0.0,-133.0,-3.0,47.0,early
10002,543138,391379,connect,ended,318.0,538099.0,60.0,5.0,18.0,late,0.0,258.0,4.0,18.0,late
10040,554279,301181,mobile,ended,572.0,553087.0,60.0,9.0,32.0,late,0.0,512.0,8.0,32.0,late
10043,554448,300505,connect,ended,38.0,555637.0,30.0,0.0,38.0,late,0.0,8.0,0.0,8.0,late
10045,554534,407389,mobile,ended,42.0,553108.0,600.0,0.0,42.0,late,0.0,-558.0,-10.0,42.0,early
10076,543560,394875,mobile,ended,2322.0,540428.0,0.0,38.0,42.0,late,1.0,2322.0,38.0,42.0,late
10077,543480,192575,connect,ended,120.0,532216.0,180.0,2.0,0.0,late,0.0,-60.0,-1.0,0.0,early
10085,552987,400689,mobile,ended,7.0,559416.0,0.0,0.0,7.0,late,0.0,7.0,0.0,7.0,late
10134,557062,374298,connect,ended,58.0,556079.0,240.0,0.0,58.0,late,0.0,-182.0,-4.0,58.0,early
10146,557956,296227,mobile,ended,220.0,553198.0,30.0,3.0,40.0,late,0.0,190.0,3.0,10.0,late
10163,544607,402562,connect,ended,58.0,548088.0,0.0,0.0,58.0,late,0.0,58.0,0.0,58.0,late
10164,544614,379889,mobile,ended,131.0,526468.0,150.0,2.0,11.0,late,0.0,-19.0,-1.0,41.0,early
10168,544946,393126,mobile,ended,584.0,540436.0,90.0,9.0,44.0,late,0.0,494.0,8.0,14.0,late
10171,545012,200366,mobile,ended,228.0,534183.0,240.0,3.0,48.0,late,0.0,-12.0,-1.0,48.0,early
10177,545483,406927,mobile,ended,4.0,538253.0,120.0,0.0,4.0,late,0.0,-116.0,-2.0,4.0,early
10241,535771,336754,mobile,ended,140.0,538215.0,0.0,2.0,20.0,late,0.0,140.0,2.0,20.0,late
10294,539109,313432,mobile,ended,58.0,532031.0,60.0,0.0,58.0,late,0.0,-2.0,-1.0,58.0,early
10300,535887,351393,connect,ended,90.0,541454.0,720.0,1.0,30.0,late,0.0,-630.0,-11.0,30.0,early
10338,538748,243721,mobile,ended,11.0,534917.0,120.0,0.0,11.0,late,0.0,-109.0,-2.0,11.0,early
10340,538773,241021,connect,ended,55.0,540159.0,0.0,0.0,55.0,late,0.0,55.0,0.0,55.0,late
10350,539506,390656,connect,ended,11.0,513950.0,0.0,0.0,11.0,late,0.0,11.0,0.0,11.0,late
10368,540293,348462,mobile,ended,13.0,511557.0,360.0,0.0,13.0,late,0.0,-347.0,-6.0,13.0,early
10398,542755,334190,connect,ended,60.0,534169.0,0.0,1.0,0.0,late,0.0,60.0,1.0,0.0,late
10405,543054,388895,mobile,ended,137.0,545117.0,600.0,2.0,17.0,late,0.0,-463.0,-8.0,17.0,early
10431,559859,310049,mobile,ended,7.0,554407.0,120.0,0.0,7.0,late,0.0,-113.0,-2.0,7.0,early
10527,555434,385378,mobile,ended,1634.0,553002.0,210.0,27.0,14.0,late,1.0,1424.0,23.0,44.0,late
10535,555762,181625,connect,ended,39.0,564963.0,540.0,0.0,39.0,late,0.0,-501.0,-9.0,39.0,early
10556,557838,383804,connect,ended,117.0,545760.0,60.0,1.0,57.0,late,0.0,57.0,0.0,57.0,late
10603,560031,297105,connect,ended,434.0,558934.0,720.0,7.0,14.0,late,0.0,-286.0,-5.0,14.0,early
10633,543910,314456,connect,ended,56.0,542971.0,0.0,0.0,56.0,late,0.0,56.0,0.0,56.0,late
10637,550027,384983,mobile,ended,21.0,538603.0,420.0,0.0,21.0,late,0.0,-399.0,-7.0,21.0,early
10641,550185,386259,connect,ended,15.0,547975.0,180.0,0.0,15.0,late,0.0,-165.0,-3.0,15.0,early
10646,550411,323762,mobile,ended,17.0,549767.0,600.0,0.0,17.0,late,0.0,-583.0,-10.0,17.0,early
10671,552189,321170,mobile,ended,12.0,537078.0,300.0,0.0,12.0,late,0.0,-288.0,-5.0,12.0,early
10709,544361,400171,mobile,ended,16.0,534370.0,0.0,0.0,16.0,late,0.0,16.0,0.0,16.0,late
10716,544753,380478,mobile,ended,810.0,526537.0,0.0,13.0,30.0,late,0.0,810.0,13.0,30.0,late
10720,544923,380038,mobile,ended,28.0,536646.0,600.0,0.0,28.0,late,0.0,-572.0,-10.0,28.0,early
10810,558387,399575,connect,ended,81.0,552753.0,0.0,1.0,21.0,late,0.0,81.0,1.0,21.0,late
10838,559800,362498,mobile,ended,75.0,551850.0,150.0,1.0,15.0,late,0.0,-75.0,-2.0,45.0,early
10842,560169,367919,connect,ended,15.0,554745.0,0.0,0.0,15.0,late,0.0,15.0,0.0,15.0,late
10855,540035,358772,connect,ended,51.0,537504.0,540.0,0.0,51.0,late,0.0,-489.0,-9.0,51.0,early
10865,543665,397413,mobile,ended,7.0,541444.0,30.0,0.0,7.0,late,0.0,-23.0,-1.0,37.0,early
10883,544972,407389,mobile,ended,41.0,529569.0,270.0,0.0,41.0,late,0.0,-229.0,-4.0,11.0,early
10884,545005,362339,connect,ended,13.0,538954.0,570.0,0.0,13.0,late,0.0,-557.0,-10.0,43.0,early
10886,545105,320780,mobile,ended,167.0,540181.0,690.0,2.0,47.0,late,0.0,-523.0,-9.0,17.0,early
10888,545211,310661,mobile,ended,10.0,536387.0,450.0,0.0,10.0,late,0.0,-440.0,-8.0,40.0,early
10900,545582,382060,mobile,ended,6606.0,544670.0,660.0,110.0,6.0,late,4.0,5946.0,99.0,6.0,late
10938,537401,408927,mobile,ended,4.0,546980.0,60.0,0.0,4.0,late,0.0,-56.0,-1.0,4.0,early
10990,565162,342699,connect,ended,52.0,564294.0,270.0,0.0,52.0,late,0.0,-218.0,-4.0,22.0,early
11002,566054,390729,mobile,ended,17.0,556355.0,90.0,0.0,17.0,late,0.0,-73.0,-2.0,47.0,early
11145,568014,413333,mobile,ended,94.0,561744.0,720.0,1.0,34.0,late,0.0,-626.0,-11.0,34.0,early
11160,519066,331903,mobile,ended,51.0,509729.0,210.0,0.0,51.0,late,0.0,-159.0,-3.0,21.0,early
11183,546201,307439,mobile,ended,625.0,545098.0,720.0,10.0,25.0,late,0.0,-95.0,-2.0,25.0,early
11193,546870,377700,mobile,ended,36.0,552710.0,90.0,0.0,36.0,late,0.0,-54.0,-1.0,6.0,early
11203,547797,397838,mobile,ended,14.0,542249.0,90.0,0.0,14.0,late,0.0,-76.0,-2.0,44.0,early
11265,551540,408910,mobile,ended,79.0,536101.0,720.0,1.0,19.0,late,0.0,-641.0,-11.0,19.0,early
11275,555451,390702,connect,ended,175.0,560568.0,120.0,2.0,55.0,late,0.0,55.0,0.0,55.0,late
11325,549269,375307,mobile,ended,39.0,535903.0,720.0,0.0,39.0,late,0.0,-681.0,-12.0,39.0,early
11365,551081,341630,mobile,ended,731.0,549811.0,690.0,12.0,11.0,late,0.0,41.0,0.0,41.0,late
11405,560796,407419,connect,ended,26.0,545608.0,0.0,0.0,26.0,late,0.0,26.0,0.0,26.0,late
11518,560466,404731,mobile,ended,1250.0,556577.0,0.0,20.0,50.0,late,0.0,1250.0,20.0,50.0,late
11524,560754,412378,mobile,ended,146.0,560199.0,240.0,2.0,26.0,late,0.0,-94.0,-2.0,26.0,early
11532,561590,270867,connect,ended,22.0,554496.0,510.0,0.0,22.0,late,0.0,-488.0,-9.0,52.0,early
11559,552224,393799,mobile,ended,290.0,531793.0,120.0,4.0,50.0,late,0.0,170.0,2.0,50.0,late
11569,553066,300505,connect,ended,77.0,552707.0,90.0,1.0,17.0,late,0.0,-13.0,-1.0,47.0,early
11570,553100,412093,mobile,ended,67.0,557175.0,120.0,1.0,7.0,late,0.0,-53.0,-1.0,7.0,early
11576,553407,407389,mobile,ended,341.0,549457.0,660.0,5.0,41.0,late,0.0,-319.0,-6.0,41.0,early
11622,540063,408117,mobile,ended,9787.0,540574.0,90.0,163.0,7.0,late,6.0,9697.0,161.0,37.0,late
11624,540124,380859,mobile,ended,26.0,539717.0,150.0,0.0,26.0,late,0.0,-124.0,-3.0,56.0,early
11701,556448,285452,connect,ended,14.0,556131.0,30.0,0.0,14.0,late,0.0,-16.0,-1.0,44.0,early
11776,569383,407636,connect,ended,55.0,560335.0,60.0,0.0,55.0,late,0.0,-5.0,-1.0,55.0,early
11779,569932,321322,mobile,ended,64.0,570206.0,0.0,1.0,4.0,late,0.0,64.0,1.0,4.0,late
11862,568031,394043,mobile,ended,665.0,565470.0,120.0,11.0,5.0,late,0.0,545.0,9.0,5.0,late
11878,569062,364882,connect,ended,42.0,566930.0,0.0,0.0,42.0,late,0.0,42.0,0.0,42.0,late
11893,571752,402235,mobile,ended,34.0,557648.0,0.0,0.0,34.0,late,0.0,34.0,0.0,34.0,late
11926,571135,403962,connect,ended,56.0,563253.0,480.0,0.0,56.0,late,0.0,-424.0,-8.0,56.0,early
11944,556334,350149,mobile,ended,228.0,545622.0,330.0,3.0,48.0,late,0.0,-102.0,-2.0,18.0,early
11982,558627,305525,connect,ended,8.0,559997.0,0.0,0.0,8.0,late,0.0,8.0,0.0,8.0,late
11989,559139,383110,connect,ended,219.0,558448.0,570.0,3.0,39.0,late,0.0,-351.0,-6.0,9.0,early
12015,560901,256882,mobile,ended,4.0,560362.0,480.0,0.0,4.0,late,0.0,-476.0,-8.0,4.0,early
12044,562874,349171,connect,ended,13.0,561815.0,600.0,0.0,13.0,late,0.0,-587.0,-10.0,13.0,early
12046,541776,264348,mobile,ended,37.0,539983.0,630.0,0.0,37.0,late,0.0,-593.0,-10.0,7.0,early
12059,542651,336314,mobile,ended,78.0,535888.0,60.0,1.0,18.0,late,0.0,18.0,0.0,18.0,late
12076,543497,341119,connect,ended,2.0,543297.0,30.0,0.0,2.0,late,0.0,-28.0,-1.0,32.0,early
12083,543911,349678,connect,ended,132.0,532779.0,0.0,2.0,12.0,late,0.0,132.0,2.0,12.0,late
12094,544346,377509,mobile,ended,3.0,544659.0,0.0,0.0,3.0,late,0.0,3.0,0.0,3.0,late
12095,544367,381684,mobile,ended,41.0,543618.0,210.0,0.0,41.0,late,0.0,-169.0,-3.0,11.0,early
12099,544603,401871,connect,ended,246.0,558206.0,0.0,4.0,6.0,late,0.0,246.0,4.0,6.0,late
12139,549738,337582,mobile,ended,6.0,521066.0,720.0,0.0,6.0,late,0.0,-714.0,-12.0,6.0,early
12145,549935,408639,mobile,ended,42.0,545149.0,240.0,0.0,42.0,late,0.0,-198.0,-4.0,42.0,early
12148,550172,399973,mobile,ended,30.0,545415.0,60.0,0.0,30.0,late,0.0,-30.0,-1.0,30.0,early
12199,534419,362595,mobile,ended,28.0,538769.0,120.0,0.0,28.0,late,0.0,-92.0,-2.0,28.0,early
12203,534678,383344,connect,ended,164.0,563620.0,240.0,2.0,44.0,late,0.0,-76.0,-2.0,44.0,early
12220,519298,352528,connect,ended,295.0,540649.0,480.0,4.0,55.0,late,0.0,-185.0,-4.0,55.0,early
12332,553900,398802,mobile,ended,8.0,540217.0,0.0,0.0,8.0,late,0.0,8.0,0.0,8.0,late
12334,554042,260745,mobile,ended,72.0,563190.0,30.0,1.0,12.0,late,0.0,42.0,0.0,42.0,late
12341,554396,402078,mobile,ended,388.0,547517.0,630.0,6.0,28.0,late,0.0,-242.0,-5.0,58.0,early
12360,555810,303930,mobile,ended,61.0,549332.0,630.0,1.0,1.0,late,0.0,-569.0,-10.0,31.0,early
12411,516589,362187,connect,ended,74.0,564118.0,210.0,1.0,14.0,late,0.0,-136.0,-3.0,44.0,early
12469,564685,283930,mobile,ended,33.0,563173.0,270.0,0.0,33.0,late,0.0,-237.0,-4.0,3.0,early
12479,565445,353138,mobile,ended,71.0,563150.0,120.0,1.0,11.0,late,0.0,-49.0,-1.0,11.0,early
12500,535011,369881,connect,ended,5.0,506161.0,120.0,0.0,5.0,late,0.0,-115.0,-2.0,5.0,early
12519,536702,409088,mobile,ended,38.0,541455.0,60.0,0.0,38.0,late,0.0,-22.0,-1.0,38.0,early
12538,538939,222934,mobile,ended,9.0,543854.0,60.0,0.0,9.0,late,0.0,-51.0,-1.0,9.0,early
12567,540523,342699,connect,ended,42.0,537316.0,120.0,0.0,42.0,late,0.0,-78.0,-2.0,42.0,early
12602,543524,195986,mobile,ended,26.0,539274.0,0.0,0.0,26.0,late,0.0,26.0,0.0,26.0,late
12612,550857,405420,mobile,ended,112.0,553313.0,360.0,1.0,52.0,late,0.0,-248.0,-5.0,52.0,early
12686,545169,352650,connect,ended,49.0,540370.0,120.0,0.0,49.0,late,0.0,-71.0,-2.0,49.0,early
12723,562971,396777,mobile,ended,7.0,558913.0,420.0,0.0,7.0,late,0.0,-413.0,-7.0,7.0,early
12736,563634,360418,mobile,ended,11.0,544591.0,480.0,0.0,11.0,late,0.0,-469.0,-8.0,11.0,early
12775,566710,373893,connect,ended,122.0,561416.0,420.0,2.0,2.0,late,0.0,-298.0,-5.0,2.0,early
12801,540134,314456,connect,ended,62.0,543910.0,60.0,1.0,2.0,late,0.0,2.0,0.0,2.0,late
12828,566043,309070,connect,ended,2.0,560738.0,300.0,0.0,2.0,late,0.0,-298.0,-5.0,2.0,early
12926,537967,335276,connect,ended,46.0,540855.0,0.0,0.0,46.0,late,0.0,46.0,0.0,46.0,late
12959,542601,282208,mobile,ended,184.0,521526.0,240.0,3.0,4.0,late,0.0,-56.0,-1.0,4.0,early
12997,571816,314220,mobile,ended,60.0,574276.0,120.0,1.0,0.0,late,0.0,-60.0,-1.0,0.0,early
13023,556652,394272,mobile,ended,1800.0,545556.0,720.0,30.0,0.0,late,1.0,1080.0,18.0,0.0,late
13035,557220,337311,mobile,ended,17.0,536108.0,0.0,0.0,17.0,late,0.0,17.0,0.0,17.0,late
13043,566822,412917,mobile,ended,58.0,554385.0,660.0,0.0,58.0,late,0.0,-602.0,-11.0,58.0,early
13051,567286,295619,mobile,ended,7.0,567805.0,150.0,0.0,7.0,late,0.0,-143.0,-3.0,37.0,early
13057,567782,409499,mobile,ended,21.0,568160.0,690.0,0.0,21.0,late,0.0,-669.0,-12.0,51.0,early
13139,551941,385378,mobile,ended,40.0,528845.0,60.0,0.0,40.0,late,0.0,-20.0,-1.0,40.0,early
13142,552138,385523,connect,ended,22.0,537139.0,30.0,0.0,22.0,late,0.0,-8.0,-1.0,52.0,early
13157,547668,369881,connect,ended,13.0,535011.0,0.0,0.0,13.0,late,0.0,13.0,0.0,13.0,late
13176,548899,361991,mobile,ended,46.0,547573.0,480.0,0.0,46.0,late,0.0,-434.0,-8.0,46.0,early
13196,562032,289383,mobile,ended,45.0,560727.0,30.0,0.0,45.0,late,0.0,15.0,0.0,15.0,late
13228,564190,377781,mobile,ended,218.0,560500.0,180.0,3.0,38.0,late,0.0,38.0,0.0,38.0,late
13258,551709,268787,mobile,ended,74.0,551518.0,0.0,1.0,14.0,late,0.0,74.0,1.0,14.0,late
13279,553500,383497,mobile,ended,24.0,519122.0,120.0,0.0,24.0,late,0.0,-96.0,-2.0,24.0,early
13338,558327,383443,connect,ended,78.0,566342.0,60.0,1.0,18.0,late,0.0,18.0,0.0,18.0,late
13376,543975,406551,mobile,ended,58.0,537735.0,150.0,0.0,58.0,late,0.0,-92.0,-2.0,28.0,early
13420,537683,391618,connect,ended,54.0,549289.0,60.0,0.0,54.0,late,0.0,-6.0,-1.0,54.0,early
13422,537737,382968,mobile,ended,51.0,538666.0,150.0,0.0,51.0,late,0.0,-99.0,-2.0,21.0,early
13550,539837,325139,mobile,ended,62.0,536246.0,510.0,1.0,2.0,late,0.0,-448.0,-8.0,32.0,early
13556,540547,385008,connect,ended,48.0,536772.0,120.0,0.0,48.0,late,0.0,-72.0,-2.0,48.0,early
13613,540243,352921,connect,ended,6.0,537768.0,0.0,0.0,6.0,late,0.0,6.0,0.0,6.0,late
13733,549521,387976,mobile,ended,17.0,543979.0,0.0,0.0,17.0,late,0.0,17.0,0.0,17.0,late
13768,537148,407334,mobile,ended,37.0,537350.0,720.0,0.0,37.0,late,0.0,-683.0,-12.0,37.0,early
13829,550072,412028,mobile,ended,172.0,549606.0,570.0,2.0,52.0,late,0.0,-398.0,-7.0,22.0,early
13862,552207,360551,connect,ended,68.0,550621.0,30.0,1.0,8.0,late,0.0,38.0,0.0,38.0,late
13863,552208,376311,connect,ended,33.0,549389.0,90.0,0.0,33.0,late,0.0,-57.0,-1.0,3.0,early
13896,566328,385008,connect,ended,23.0,565761.0,690.0,0.0,23.0,late,0.0,-667.0,-12.0,53.0,early
13963,561213,405433,mobile,ended,124.0,564813.0,120.0,2.0,4.0,late,0.0,4.0,0.0,4.0,late
13967,561599,275810,mobile,ended,11.0,554462.0,600.0,0.0,11.0,late,0.0,-589.0,-10.0,11.0,early
14027,542854,317024,connect,ended,116.0,542633.0,570.0,1.0,56.0,late,0.0,-454.0,-8.0,26.0,early
14028,542878,335276,connect,ended,79.0,553825.0,0.0,1.0,19.0,late,0.0,79.0,1.0,19.0,late
14059,559197,400591,mobile,ended,6.0,553823.0,0.0,0.0,6.0,late,0.0,6.0,0.0,6.0,late
14085,560949,310636,connect,ended,26.0,564126.0,60.0,0.0,26.0,late,0.0,-34.0,-1.0,26.0,early
14094,568943,337311,mobile,ended,70.0,554123.0,90.0,1.0,10.0,late,0.0,-20.0,-1.0,40.0,early
14095,568987,391370,connect,ended,42.0,562708.0,0.0,0.0,42.0,late,0.0,42.0,0.0,42.0,late
14108,570429,328506,mobile,ended,125.0,566331.0,480.0,2.0,5.0,late,0.0,-355.0,-6.0,5.0,early
14117,572088,338940,mobile,ended,1003.0,571451.0,150.0,16.0,43.0,late,0.0,853.0,14.0,13.0,late
14120,572472,371625,mobile,ended,28.0,571018.0,180.0,0.0,28.0,late,0.0,-152.0,-3.0,28.0,early
14153,554588,343339,mobile,ended,426.0,552212.0,420.0,7.0,6.0,late,0.0,6.0,0.0,6.0,late
14160,555137,404130,connect,ended,26.0,552365.0,60.0,0.0,26.0,late,0.0,-34.0,-1.0,26.0,early
14171,555942,250644,mobile,ended,9.0,554060.0,300.0,0.0,9.0,late,0.0,-291.0,-5.0,9.0,early
14182,556975,320481,mobile,ended,17.0,559071.0,150.0,0.0,17.0,late,0.0,-133.0,-3.0,47.0,early
14220,559429,390318,mobile,ended,203.0,556092.0,690.0,3.0,23.0,late,0.0,-487.0,-9.0,53.0,early
14231,560265,174243,mobile,ended,116.0,544959.0,60.0,1.0,56.0,late,0.0,56.0,0.0,56.0,late
14265,565968,338243,connect,ended,37.0,560465.0,720.0,0.0,37.0,late,0.0,-683.0,-12.0,37.0,early
14334,563348,225486,connect,ended,97.0,563757.0,0.0,1.0,37.0,late,0.0,97.0,1.0,37.0,late
14346,564441,310901,mobile,ended,50.0,561518.0,180.0,0.0,50.0,late,0.0,-130.0,-3.0,50.0,early
14370,524703,352436,mobile,ended,7.0,538643.0,60.0,0.0,7.0,late,0.0,-53.0,-1.0,7.0,early
14435,537064,401649,connect,ended,84.0,562864.0,0.0,1.0,24.0,late,0.0,84.0,1.0,24.0,late
14493,544588,377591,connect,ended,50.0,562313.0,60.0,0.0,50.0,late,0.0,-10.0,-1.0,50.0,early
14560,564479,359485,connect,ended,121.0,561602.0,210.0,2.0,1.0,late,0.0,-89.0,-2.0,31.0,early
14581,558546,396712,mobile,ended,2733.0,554234.0,420.0,45.0,33.0,late,1.0,2313.0,38.0,33.0,late
14593,559335,391125,mobile,ended,7.0,559214.0,120.0,0.0,7.0,late,0.0,-113.0,-2.0,7.0,early
14597,559521,411754,connect,ended,81.0,556456.0,660.0,1.0,21.0,late,0.0,-579.0,-10.0,21.0,early
14626,561698,312078,connect,ended,45.0,564914.0,0.0,0.0,45.0,late,0.0,45.0,0.0,45.0,late
14632,562202,216576,connect,ended,31.0,559387.0,240.0,0.0,31.0,late,0.0,-209.0,-4.0,31.0,early
14640,563001,272724,mobile,ended,263.0,561423.0,240.0,4.0,23.0,late,0.0,23.0,0.0,23.0,late
14648,563454,409274,mobile,ended,76.0,563821.0,30.0,1.0,16.0,late,0.0,46.0,0.0,46.0,late
14650,563808,412210,mobile,ended,98.0,561890.0,240.0,1.0,38.0,late,0.0,-142.0,-3.0,38.0,early
14663,564522,333753,mobile,ended,95.0,564604.0,660.0,1.0,35.0,late,0.0,-565.0,-10.0,35.0,early
14679,558742,192603,mobile,ended,3.0,562673.0,420.0,0.0,3.0,late,0.0,-417.0,-7.0,3.0,early
14680,558905,392683,connect,ended,55.0,553157.0,0.0,0.0,55.0,late,0.0,55.0,0.0,55.0,late
14793,565470,394043,mobile,ended,15.0,562479.0,180.0,0.0,15.0,late,0.0,-165.0,-3.0,15.0,early
14796,565814,389565,connect,ended,48.0,565397.0,0.0,0.0,48.0,late,0.0,48.0,0.0,48.0,late
14802,565979,371159,connect,ended,48.0,563458.0,60.0,0.0,48.0,late,0.0,-12.0,-1.0,48.0,early
14832,568405,353274,mobile,ended,15.0,554676.0,0.0,0.0,15.0,late,0.0,15.0,0.0,15.0,late
14839,569301,195977,connect,ended,62.0,561125.0,660.0,1.0,2.0,late,0.0,-598.0,-10.0,2.0,early
14861,573387,412916,mobile,ended,74.0,565754.0,60.0,1.0,14.0,late,0.0,14.0,0.0,14.0,late
14866,575031,319886,connect,ended,92.0,571453.0,660.0,1.0,32.0,late,0.0,-568.0,-10.0,32.0,early
14918,568112,395228,mobile,ended,145.0,563130.0,0.0,2.0,25.0,late,0.0,145.0,2.0,25.0,late
14940,570764,230675,mobile,ended,211.0,564217.0,690.0,3.0,31.0,late,0.0,-479.0,-8.0,1.0,early
14957,573350,301068,mobile,ended,1.0,530691.0,0.0,0.0,1.0,late,0.0,1.0,0.0,1.0,late
15055,568007,414878,mobile,ended,123.0,566039.0,300.0,2.0,3.0,late,0.0,-177.0,-3.0,3.0,early
15092,571936,248926,mobile,ended,4.0,567346.0,60.0,0.0,4.0,late,0.0,-56.0,-1.0,4.0,early
15110,574527,397599,mobile,ended,87.0,572793.0,660.0,1.0,27.0,late,0.0,-573.0,-10.0,27.0,early
15166,544004,192409,mobile,ended,40.0,506069.0,270.0,0.0,40.0,late,0.0,-230.0,-4.0,10.0,early
15168,544056,289570,mobile,ended,2725.0,534205.0,30.0,45.0,25.0,late,1.0,2695.0,44.0,55.0,late
15173,544158,242437,mobile,ended,3.0,542867.0,0.0,0.0,3.0,late,0.0,3.0,0.0,3.0,late
15178,540194,392479,mobile,ended,9.0,556565.0,360.0,0.0,9.0,late,0.0,-351.0,-6.0,9.0,early
15264,546214,386880,mobile,ended,1203.0,536671.0,330.0,20.0,3.0,late,0.0,873.0,14.0,33.0,late
15309,549462,381708,connect,ended,142.0,548698.0,60.0,2.0,22.0,late,0.0,82.0,1.0,22.0,late
15354,551957,359045,connect,ended,3.0,546597.0,30.0,0.0,3.0,late,0.0,-27.0,-1.0,33.0,early
15388,545486,336522,mobile,ended,6.0,545384.0,420.0,0.0,6.0,late,0.0,-414.0,-7.0,6.0,early
15482,551724,228703,connect,ended,102.0,549401.0,30.0,1.0,42.0,late,0.0,72.0,1.0,12.0,late
15526,539751,374684,mobile,ended,3.0,537514.0,660.0,0.0,3.0,late,0.0,-657.0,-11.0,3.0,early
15556,566333,413083,mobile,ended,11.0,555971.0,510.0,0.0,11.0,late,0.0,-499.0,-9.0,41.0,early
15627,551104,366371,connect,ended,7.0,550102.0,30.0,0.0,7.0,late,0.0,-23.0,-1.0,37.0,early
15628,551151,396009,connect,ended,156.0,545980.0,480.0,2.0,36.0,late,0.0,-324.0,-6.0,36.0,early
15647,567863,385128,mobile,ended,31.0,543629.0,30.0,0.0,31.0,late,0.0,1.0,0.0,1.0,late
15660,540016,357860,connect,ended,16.0,542394.0,570.0,0.0,16.0,late,0.0,-554.0,-10.0,46.0,early
15668,541068,389147,mobile,ended,3.0,537097.0,210.0,0.0,3.0,late,0.0,-207.0,-4.0,33.0,early
15671,541215,374486,mobile,ended,47.0,539938.0,180.0,0.0,47.0,late,0.0,-133.0,-3.0,47.0,early
15676,541531,356673,mobile,ended,130.0,539422.0,0.0,2.0,10.0,late,0.0,130.0,2.0,10.0,late
15706,543512,406388,mobile,ended,24.0,565648.0,600.0,0.0,24.0,late,0.0,-576.0,-10.0,24.0,early
15716,544135,297119,mobile,ended,14.0,539618.0,120.0,0.0,14.0,late,0.0,-106.0,-2.0,14.0,early
15722,544677,339215,mobile,ended,56.0,544679.0,0.0,0.0,56.0,late,0.0,56.0,0.0,56.0,late
15753,548118,408506,mobile,ended,9.0,544336.0,720.0,0.0,9.0,late,0.0,-711.0,-12.0,9.0,early
15779,542244,241021,connect,ended,80.0,542010.0,60.0,1.0,20.0,late,0.0,20.0,0.0,20.0,late
15791,542957,276218,mobile,ended,164.0,568490.0,120.0,2.0,44.0,late,0.0,44.0,0.0,44.0,late
15843,546300,397728,mobile,ended,12.0,557231.0,570.0,0.0,12.0,late,0.0,-558.0,-10.0,42.0,early
15940,545047,380480,mobile,ended,7.0,544328.0,690.0,0.0,7.0,late,0.0,-683.0,-12.0,37.0,early
15959,546242,368604,connect,ended,2.0,555708.0,540.0,0.0,2.0,late,0.0,-538.0,-9.0,2.0,early
15975,547497,404130,connect,ended,3.0,541826.0,90.0,0.0,3.0,late,0.0,-87.0,-2.0,33.0,early
15988,569272,366164,connect,ended,7.0,571324.0,120.0,0.0,7.0,late,0.0,-113.0,-2.0,7.0,early
16011,572076,367632,connect,ended,50.0,570241.0,180.0,0.0,50.0,late,0.0,-130.0,-3.0,50.0,early
16029,551530,412295,mobile,ended,103.0,549505.0,30.0,1.0,43.0,late,0.0,73.0,1.0,13.0,late
16056,553129,358480,mobile,ended,170.0,551688.0,450.0,2.0,50.0,late,0.0,-280.0,-5.0,20.0,early
16059,553227,276222,mobile,ended,20.0,531664.0,120.0,0.0,20.0,late,0.0,-100.0,-2.0,20.0,early
16064,553540,393083,mobile,ended,23.0,553429.0,390.0,0.0,23.0,late,0.0,-367.0,-7.0,53.0,early
16074,554359,350456,mobile,ended,1401.0,547316.0,540.0,23.0,21.0,late,0.0,861.0,14.0,21.0,late
16087,555024,382884,mobile,ended,63.0,545294.0,660.0,1.0,3.0,late,0.0,-597.0,-10.0,3.0,early
16089,555178,382323,mobile,ended,62.0,552721.0,240.0,1.0,2.0,late,0.0,-178.0,-3.0,2.0,early
16124,551249,270091,mobile,ended,74.0,546357.0,60.0,1.0,14.0,late,0.0,14.0,0.0,14.0,late
16177,543850,262344,connect,ended,51.0,541998.0,210.0,0.0,51.0,late,0.0,-159.0,-3.0,21.0,early
16253,550717,377119,connect,ended,59.0,545344.0,30.0,0.0,59.0,late,0.0,29.0,0.0,29.0,late
16257,543690,387614,mobile,ended,235.0,541885.0,300.0,3.0,55.0,late,0.0,-65.0,-2.0,55.0,early
16297,546332,214635,connect,ended,31.0,547177.0,0.0,0.0,31.0,late,0.0,31.0,0.0,31.0,late
16304,546889,303652,mobile,ended,79.0,546472.0,390.0,1.0,19.0,late,0.0,-311.0,-6.0,49.0,early
16324,549212,344576,mobile,ended,17.0,549196.0,120.0,0.0,17.0,late,0.0,-103.0,-2.0,17.0,early
16326,549277,387223,mobile,ended,57.0,546350.0,30.0,0.0,57.0,late,0.0,27.0,0.0,27.0,late
16329,549461,305876,mobile,ended,17.0,523875.0,0.0,0.0,17.0,late,0.0,17.0,0.0,17.0,late
16363,551169,405005,connect,ended,58.0,544486.0,0.0,0.0,58.0,late,0.0,58.0,0.0,58.0,late
16403,553889,356758,mobile,ended,23.0,543278.0,540.0,0.0,23.0,late,0.0,-517.0,-9.0,23.0,early
16435,555857,401088,mobile,ended,36.0,552180.0,60.0,0.0,36.0,late,0.0,-24.0,-1.0,36.0,early
16465,554425,364411,mobile,ended,105.0,557974.0,600.0,1.0,45.0,late,0.0,-495.0,-9.0,45.0,early
16485,555388,362255,mobile,ended,36.0,531363.0,660.0,0.0,36.0,late,0.0,-624.0,-11.0,36.0,early
16492,555950,364160,connect,ended,27.0,550502.0,120.0,0.0,27.0,late,0.0,-93.0,-2.0,27.0,early
16511,556998,222819,mobile,ended,42.0,557193.0,660.0,0.0,42.0,late,0.0,-618.0,-11.0,42.0,early
16557,559935,409750,mobile,ended,60.0,562535.0,660.0,1.0,0.0,late,0.0,-600.0,-10.0,0.0,early
16633,565006,414230,mobile,ended,26.0,567764.0,720.0,0.0,26.0,late,0.0,-694.0,-12.0,26.0,early
16634,565007,362507,connect,ended,35.0,567477.0,720.0,0.0,35.0,late,0.0,-685.0,-12.0,35.0,early
16652,557333,410887,mobile,ended,77.0,550290.0,300.0,1.0,17.0,late,0.0,-223.0,-4.0,17.0,early
16670,558854,407865,mobile,ended,45.0,557408.0,360.0,0.0,45.0,late,0.0,-315.0,-6.0,45.0,early
16701,560879,376311,connect,ended,21.0,563536.0,300.0,0.0,21.0,late,0.0,-279.0,-5.0,21.0,early
16744,564327,412869,mobile,ended,3098.0,562932.0,90.0,51.0,38.0,late,2.0,3008.0,50.0,8.0,late
16773,549864,175887,connect,ended,72.0,558049.0,720.0,1.0,12.0,late,0.0,-648.0,-11.0,12.0,early
16787,550497,392847,connect,ended,141.0,554124.0,0.0,2.0,21.0,late,0.0,141.0,2.0,21.0,late
16797,551313,400293,mobile,ended,88.0,537821.0,0.0,1.0,28.0,late,0.0,88.0,1.0,28.0,late
16823,556063,388795,mobile,ended,101.0,551168.0,90.0,1.0,41.0,late,0.0,11.0,0.0,11.0,late
16841,557078,301301,connect,ended,104.0,555752.0,180.0,1.0,44.0,late,0.0,-76.0,-2.0,44.0,early
16870,540254,383144,connect,ended,75.0,534854.0,120.0,1.0,15.0,late,0.0,-45.0,-1.0,15.0,early
16873,540509,406902,mobile,ended,35.0,536255.0,30.0,0.0,35.0,late,0.0,5.0,0.0,5.0,late
16878,540779,384193,connect,ended,6.0,550547.0,0.0,0.0,6.0,late,0.0,6.0,0.0,6.0,late
16893,542041,208090,mobile,ended,2.0,541715.0,30.0,0.0,2.0,late,0.0,-28.0,-1.0,32.0,early
16905,542384,344254,connect,ended,97.0,539674.0,180.0,1.0,37.0,late,0.0,-83.0,-2.0,37.0,early
16918,542909,407865,mobile,ended,114.0,535365.0,30.0,1.0,54.0,late,0.0,84.0,1.0,24.0,late
16920,542993,258737,mobile,ended,39.0,526456.0,600.0,0.0,39.0,late,0.0,-561.0,-10.0,39.0,early
16944,556716,364160,connect,ended,127.0,560217.0,30.0,2.0,7.0,late,0.0,97.0,1.0,37.0,late
16945,556762,329718,mobile,ended,2.0,566035.0,120.0,0.0,2.0,late,0.0,-118.0,-2.0,2.0,early
16977,558539,384983,mobile,ended,21.0,554384.0,60.0,0.0,21.0,late,0.0,-39.0,-1.0,21.0,early
16995,559386,395385,mobile,ended,2499.0,556228.0,690.0,41.0,39.0,late,1.0,1809.0,30.0,9.0,late
17004,559897,382302,connect,ended,99.0,558352.0,660.0,1.0,39.0,late,0.0,-561.0,-10.0,39.0,early
17043,563382,381754,mobile,ended,463.0,561956.0,120.0,7.0,43.0,late,0.0,343.0,5.0,43.0,late
17061,564601,317683,mobile,ended,93.0,560650.0,30.0,1.0,33.0,late,0.0,63.0,1.0,3.0,late
17087,558724,380479,mobile,ended,13.0,555526.0,570.0,0.0,13.0,late,0.0,-557.0,-10.0,43.0,early
17193,565284,403149,mobile,ended,31.0,563877.0,150.0,0.0,31.0,late,0.0,-119.0,-2.0,1.0,early
17207,566516,337217,mobile,ended,48.0,561111.0,660.0,0.0,48.0,late,0.0,-612.0,-11.0,48.0,early
17241,570644,374360,connect,ended,18.0,567682.0,60.0,0.0,18.0,late,0.0,-42.0,-1.0,18.0,early
17258,573651,380019,mobile,ended,363.0,568249.0,120.0,6.0,3.0,late,0.0,243.0,4.0,3.0,late
17279,567609,297832,mobile,ended,5.0,566110.0,0.0,0.0,5.0,late,0.0,5.0,0.0,5.0,late
17293,569004,341881,connect,ended,41.0,565020.0,630.0,0.0,41.0,late,0.0,-589.0,-10.0,11.0,early
17318,547078,347208,connect,ended,133.0,545645.0,0.0,2.0,13.0,late,0.0,133.0,2.0,13.0,late
17342,548739,365148,mobile,ended,25.0,547665.0,60.0,0.0,25.0,late,0.0,-35.0,-1.0,25.0,early
17349,548963,374626,mobile,ended,48.0,536523.0,720.0,0.0,48.0,late,0.0,-672.0,-12.0,48.0,early
17375,550705,367632,connect,ended,205.0,564510.0,420.0,3.0,25.0,late,0.0,-215.0,-4.0,25.0,early
17379,550938,334190,connect,ended,110.0,549759.0,0.0,1.0,50.0,late,0.0,110.0,1.0,50.0,late
17407,569662,368432,mobile,ended,35.0,572914.0,690.0,0.0,35.0,late,0.0,-655.0,-11.0,5.0,early
17410,570143,174243,mobile,ended,80.0,565219.0,120.0,1.0,20.0,late,0.0,-40.0,-1.0,20.0,early
17426,571746,331673,mobile,ended,35.0,570526.0,210.0,0.0,35.0,late,0.0,-175.0,-3.0,5.0,early
17432,572953,392055,mobile,ended,5.0,562635.0,300.0,0.0,5.0,late,0.0,-295.0,-5.0,5.0,early
17441,547509,350904,mobile,ended,44.0,536164.0,480.0,0.0,44.0,late,0.0,-436.0,-8.0,44.0,early
17532,551778,394305,mobile,ended,13.0,549859.0,150.0,0.0,13.0,late,0.0,-137.0,-3.0,43.0,early
17574,555012,398697,mobile,ended,218.0,527035.0,210.0,3.0,38.0,late,0.0,8.0,0.0,8.0,late
17591,553682,401475,connect,ended,37.0,552583.0,420.0,0.0,37.0,late,0.0,-383.0,-7.0,37.0,early
17600,554118,366164,connect,ended,113.0,550687.0,180.0,1.0,53.0,late,0.0,-67.0,-2.0,53.0,early
17661,553252,394656,connect,ended,6.0,546275.0,540.0,0.0,6.0,late,0.0,-534.0,-9.0,6.0,early
17698,553223,398586,connect,ended,172.0,544811.0,30.0,2.0,52.0,late,0.0,142.0,2.0,22.0,late
17704,553572,383499,mobile,ended,2.0,553742.0,420.0,0.0,2.0,late,0.0,-418.0,-7.0,2.0,early
17720,554812,298516,connect,ended,8.0,548564.0,150.0,0.0,8.0,late,0.0,-142.0,-3.0,38.0,early
17764,556918,380833,mobile,ended,35.0,532556.0,90.0,0.0,35.0,late,0.0,-55.0,-1.0,5.0,early
17796,567769,338571,mobile,ended,19.0,555206.0,90.0,0.0,19.0,late,0.0,-71.0,-2.0,49.0,early
17802,505758,392805,mobile,ended,3.0,528920.0,90.0,0.0,3.0,late,0.0,-87.0,-2.0,33.0,early
17833,526752,389451,mobile,ended,5.0,532361.0,630.0,0.0,5.0,late,0.0,-625.0,-11.0,35.0,early
17855,533792,401649,connect,ended,106.0,546026.0,30.0,1.0,46.0,late,0.0,76.0,1.0,16.0,late
17880,567835,409523,mobile,ended,967.0,565046.0,630.0,16.0,7.0,late,0.0,337.0,5.0,37.0,late
17885,568079,227042,mobile,ended,40.0,566621.0,600.0,0.0,40.0,late,0.0,-560.0,-10.0,40.0,early
17893,568815,385629,connect,ended,47.0,564703.0,0.0,0.0,47.0,late,0.0,47.0,0.0,47.0,late
17947,541283,305733,mobile,ended,34.0,536691.0,60.0,0.0,34.0,late,0.0,-26.0,-1.0,34.0,early
17966,542666,348178,mobile,ended,22.0,541891.0,90.0,0.0,22.0,late,0.0,-68.0,-2.0,52.0,early
17975,543426,398802,mobile,ended,51.0,546955.0,720.0,0.0,51.0,late,0.0,-669.0,-12.0,51.0,early
17977,543793,408983,mobile,ended,1073.0,540001.0,690.0,17.0,53.0,late,0.0,383.0,6.0,23.0,late
18008,573207,216576,connect,ended,93.0,565493.0,300.0,1.0,33.0,late,0.0,-207.0,-4.0,33.0,early
18013,573945,248926,mobile,ended,36.0,571936.0,690.0,0.0,36.0,late,0.0,-654.0,-11.0,6.0,early
18047,553596,407865,mobile,ended,17.0,558854.0,690.0,0.0,17.0,late,0.0,-673.0,-12.0,47.0,early
18103,543275,340699,mobile,ended,69.0,521297.0,60.0,1.0,9.0,late,0.0,9.0,0.0,9.0,late
18114,543930,409636,mobile,ended,8.0,539399.0,720.0,0.0,8.0,late,0.0,-712.0,-12.0,8.0,early
18122,544421,359998,mobile,ended,18.0,557397.0,60.0,0.0,18.0,late,0.0,-42.0,-1.0,18.0,early
18131,544991,404791,mobile,ended,106.0,526927.0,720.0,1.0,46.0,late,0.0,-614.0,-11.0,46.0,early
18134,545437,383443,connect,ended,26.0,541311.0,120.0,0.0,26.0,late,0.0,-94.0,-2.0,26.0,early
18141,545705,352039,connect,ended,2.0,548559.0,720.0,0.0,2.0,late,0.0,-718.0,-12.0,2.0,early
18143,545767,300505,connect,ended,32.0,532682.0,90.0,0.0,32.0,late,0.0,-58.0,-1.0,2.0,early
18184,548950,342699,connect,ended,98.0,546290.0,30.0,1.0,38.0,late,0.0,68.0,1.0,8.0,late
18185,548971,399575,connect,ended,102.0,549086.0,180.0,1.0,42.0,late,0.0,-78.0,-2.0,42.0,early
18217,557316,381583,mobile,ended,10.0,554028.0,150.0,0.0,10.0,late,0.0,-140.0,-3.0,40.0,early
18242,558535,318911,mobile,ended,191.0,552015.0,330.0,3.0,11.0,late,0.0,-139.0,-3.0,41.0,early
18286,559040,273577,mobile,ended,427.0,562925.0,720.0,7.0,7.0,late,0.0,-293.0,-5.0,7.0,early
18316,536874,331900,mobile,ended,69.0,547182.0,120.0,1.0,9.0,late,0.0,-51.0,-1.0,9.0,early
18332,538233,325139,mobile,ended,150.0,539837.0,270.0,2.0,30.0,late,0.0,-120.0,-2.0,0.0,early
18361,539750,295860,mobile,ended,103.0,542566.0,300.0,1.0,43.0,late,0.0,-197.0,-4.0,43.0,early
18395,558762,218964,mobile,ended,437.0,557353.0,630.0,7.0,17.0,late,0.0,-193.0,-4.0,47.0,early
18453,559047,392805,mobile,ended,288.0,546762.0,0.0,4.0,48.0,late,0.0,288.0,4.0,48.0,late
18463,559528,255576,connect,ended,9.0,558076.0,660.0,0.0,9.0,late,0.0,-651.0,-11.0,9.0,early
18504,563577,236059,mobile,ended,397.0,567616.0,90.0,6.0,37.0,late,0.0,307.0,5.0,7.0,late
18507,563772,293910,mobile,ended,22.0,555354.0,510.0,0.0,22.0,late,0.0,-488.0,-9.0,52.0,early
18515,564096,310553,connect,ended,3.0,561903.0,0.0,0.0,3.0,late,0.0,3.0,0.0,3.0,late
18535,550814,339371,mobile,ended,536.0,518660.0,90.0,8.0,56.0,late,0.0,446.0,7.0,26.0,late
18552,551867,375834,mobile,ended,96.0,547655.0,120.0,1.0,36.0,late,0.0,-24.0,-1.0,36.0,early
18652,561806,221830,mobile,ended,967.0,546263.0,600.0,16.0,7.0,late,0.0,367.0,6.0,7.0,late
18664,560354,338243,connect,ended,54.0,557661.0,180.0,0.0,54.0,late,0.0,-126.0,-3.0,54.0,early
18671,560718,324640,mobile,ended,156.0,542037.0,240.0,2.0,36.0,late,0.0,-84.0,-2.0,36.0,early
18705,562977,405611,connect,ended,210.0,558473.0,120.0,3.0,30.0,late,0.0,90.0,1.0,30.0,late
18708,563090,386086,mobile,ended,39.0,560501.0,0.0,0.0,39.0,late,0.0,39.0,0.0,39.0,late
18715,563517,363133,connect,ended,78.0,565338.0,120.0,1.0,18.0,late,0.0,-42.0,-1.0,18.0,early
18738,564912,340064,mobile,ended,75.0,533701.0,600.0,1.0,15.0,late,0.0,-525.0,-9.0,15.0,early
18759,556965,187740,mobile,ended,4.0,556605.0,0.0,0.0,4.0,late,0.0,4.0,0.0,4.0,late
18766,557659,298117,connect,ended,22.0,552177.0,360.0,0.0,22.0,late,0.0,-338.0,-6.0,22.0,early
18770,557817,289112,connect,ended,63.0,540139.0,690.0,1.0,3.0,late,0.0,-627.0,-11.0,33.0,early
18780,558520,386322,mobile,ended,32.0,558507.0,660.0,0.0,32.0,late,0.0,-628.0,-11.0,32.0,early
18783,558654,366981,connect,ended,8.0,542471.0,630.0,0.0,8.0,late,0.0,-622.0,-11.0,38.0,early
18786,558684,412528,mobile,ended,49.0,557553.0,270.0,0.0,49.0,late,0.0,-221.0,-4.0,19.0,early
18797,559259,412093,mobile,ended,74.0,553100.0,0.0,1.0,14.0,late,0.0,74.0,1.0,14.0,late
18804,559657,363386,mobile,ended,229.0,555952.0,120.0,3.0,49.0,late,0.0,109.0,1.0,49.0,late
18825,561079,376652,mobile,ended,11.0,560197.0,0.0,0.0,11.0,late,0.0,11.0,0.0,11.0,late
18833,562335,367627,mobile,ended,84.0,565711.0,600.0,1.0,24.0,late,0.0,-516.0,-9.0,24.0,early
18861,560826,406902,mobile,ended,64.0,556895.0,660.0,1.0,4.0,late,0.0,-596.0,-10.0,4.0,early
18895,541942,391618,connect,ended,144.0,531518.0,60.0,2.0,24.0,late,0.0,84.0,1.0,24.0,late
18903,542598,348526,connect,ended,148.0,545276.0,510.0,2.0,28.0,late,0.0,-362.0,-7.0,58.0,early
18909,543008,363761,mobile,ended,1341.0,567693.0,720.0,22.0,21.0,late,0.0,621.0,10.0,21.0,late
18923,544186,390467,connect,ended,65.0,542241.0,690.0,1.0,5.0,late,0.0,-625.0,-11.0,35.0,early
19056,555454,381183,mobile,ended,232.0,552738.0,60.0,3.0,52.0,late,0.0,172.0,2.0,52.0,late
19075,565509,381183,mobile,ended,44.0,562526.0,0.0,0.0,44.0,late,0.0,44.0,0.0,44.0,late
19076,565678,348485,connect,ended,39.0,560263.0,360.0,0.0,39.0,late,0.0,-321.0,-6.0,39.0,early
19083,566159,390479,mobile,ended,134.0,564323.0,0.0,2.0,14.0,late,0.0,134.0,2.0,14.0,late
19141,564699,415572,mobile,ended,2193.0,565228.0,240.0,36.0,33.0,late,1.0,1953.0,32.0,33.0,late
19145,565099,413351,mobile,ended,9.0,561247.0,0.0,0.0,9.0,late,0.0,9.0,0.0,9.0,late
19149,565254,212965,connect,ended,98.0,560539.0,420.0,1.0,38.0,late,0.0,-322.0,-6.0,38.0,early
19151,565399,407315,mobile,ended,70.0,552810.0,120.0,1.0,10.0,late,0.0,-50.0,-1.0,10.0,early
19215,544851,392718,mobile,ended,75.0,565353.0,330.0,1.0,15.0,late,0.0,-255.0,-5.0,45.0,early
19250,546959,405005,connect,ended,38.0,545715.0,240.0,0.0,38.0,late,0.0,-202.0,-4.0,38.0,early
19319,566850,400181,mobile,ended,16.0,561893.0,720.0,0.0,16.0,late,0.0,-704.0,-12.0,16.0,early
19365,571018,371625,mobile,ended,25.0,549891.0,150.0,0.0,25.0,late,0.0,-125.0,-3.0,55.0,early
19409,556850,346952,mobile,ended,48.0,553865.0,30.0,0.0,48.0,late,0.0,18.0,0.0,18.0,late
19411,557086,398733,mobile,ended,4.0,555668.0,0.0,0.0,4.0,late,0.0,4.0,0.0,4.0,late
19415,557279,382060,mobile,ended,57.0,547290.0,120.0,0.0,57.0,late,0.0,-63.0,-2.0,57.0,early
19432,557930,400886,mobile,ended,56.0,553320.0,450.0,0.0,56.0,late,0.0,-394.0,-7.0,26.0,early
19454,559512,248300,connect,ended,58.0,552427.0,0.0,0.0,58.0,late,0.0,58.0,0.0,58.0,late
19460,559873,341630,mobile,ended,79.0,558883.0,240.0,1.0,19.0,late,0.0,-161.0,-3.0,19.0,early
19483,555299,371572,connect,ended,641.0,549796.0,0.0,10.0,41.0,late,0.0,641.0,10.0,41.0,late
19535,570013,383344,connect,ended,33.0,569963.0,360.0,0.0,33.0,late,0.0,-327.0,-6.0,33.0,early
19569,568278,351549,connect,ended,355.0,565967.0,510.0,5.0,55.0,late,0.0,-155.0,-3.0,25.0,early
19583,569282,381481,mobile,ended,68.0,565511.0,510.0,1.0,8.0,late,0.0,-442.0,-8.0,38.0,early
19623,567535,368391,mobile,ended,65.0,539310.0,30.0,1.0,5.0,late,0.0,35.0,0.0,35.0,late
19637,568416,336935,connect,ended,2.0,559824.0,630.0,0.0,2.0,late,0.0,-628.0,-11.0,32.0,early
19638,568421,410521,mobile,ended,98.0,554767.0,180.0,1.0,38.0,late,0.0,-82.0,-2.0,38.0,early
19642,568649,378003,connect,ended,52.0,572385.0,90.0,0.0,52.0,late,0.0,-38.0,-1.0,22.0,early
19645,568704,385628,connect,ended,49.0,563946.0,630.0,0.0,49.0,late,0.0,-581.0,-10.0,19.0,early
19646,568708,275364,connect,ended,39.0,563004.0,0.0,0.0,39.0,late,0.0,39.0,0.0,39.0,late
19648,568993,370513,mobile,ended,18.0,528782.0,30.0,0.0,18.0,late,0.0,-12.0,-1.0,48.0,early
19699,550442,374741,connect,ended,78.0,555908.0,180.0,1.0,18.0,late,0.0,-102.0,-2.0,18.0,early
19733,568064,335276,connect,ended,121.0,573893.0,180.0,2.0,1.0,late,0.0,-59.0,-1.0,1.0,early
19744,569362,404953,mobile,ended,142.0,568070.0,90.0,2.0,22.0,late,0.0,52.0,0.0,52.0,late
19745,569382,293523,mobile,ended,40.0,567028.0,720.0,0.0,40.0,late,0.0,-680.0,-12.0,40.0,early
19761,572413,350149,mobile,ended,79.0,574325.0,600.0,1.0,19.0,late,0.0,-521.0,-9.0,19.0,early
19774,575574,173061,connect,ended,42.0,574480.0,240.0,0.0,42.0,late,0.0,-198.0,-4.0,42.0,early
19860,564205,355805,mobile,ended,41.0,564523.0,30.0,0.0,41.0,late,0.0,11.0,0.0,11.0,late
19898,574757,340699,mobile,ended,129.0,570928.0,0.0,2.0,9.0,late,0.0,129.0,2.0,9.0,late
19957,555916,178845,mobile,ended,9.0,550592.0,300.0,0.0,9.0,late,0.0,-291.0,-5.0,9.0,early
19975,556533,241021,connect,ended,102.0,557598.0,150.0,1.0,42.0,late,0.0,-48.0,-1.0,12.0,early
20042,563473,348294,connect,ended,64.0,561643.0,0.0,1.0,4.0,late,0.0,64.0,1.0,4.0,late
20043,563711,310661,mobile,ended,245.0,549715.0,90.0,4.0,5.0,late,0.0,155.0,2.0,35.0,late
20048,564111,369648,connect,ended,50.0,561113.0,420.0,0.0,50.0,late,0.0,-370.0,-7.0,50.0,early
20092,567276,388764,mobile,ended,21.0,548208.0,270.0,0.0,21.0,late,0.0,-249.0,-5.0,51.0,early
20105,568263,369381,mobile,ended,346.0,567507.0,180.0,5.0,46.0,late,0.0,166.0,2.0,46.0,late
20106,568295,362199,connect,ended,36.0,567376.0,60.0,0.0,36.0,late,0.0,-24.0,-1.0,36.0,early
20130,541832,354938,mobile,ended,53.0,533526.0,0.0,0.0,53.0,late,0.0,53.0,0.0,53.0,late
20144,542869,300377,mobile,ended,13.0,532441.0,0.0,0.0,13.0,late,0.0,13.0,0.0,13.0,late
20152,543503,401911,mobile,ended,82.0,539726.0,120.0,1.0,22.0,late,0.0,-38.0,-1.0,22.0,early
20154,543654,370420,mobile,ended,93.0,506194.0,0.0,1.0,33.0,late,0.0,93.0,1.0,33.0,late
20173,556973,384396,connect,ended,225.0,553994.0,150.0,3.0,45.0,late,0.0,75.0,1.0,15.0,late
20211,559467,290600,connect,ended,89.0,559379.0,630.0,1.0,29.0,late,0.0,-541.0,-10.0,59.0,early
20225,560407,401387,mobile,ended,43.0,574013.0,90.0,0.0,43.0,late,0.0,-47.0,-1.0,13.0,early
20231,569798,415653,mobile,ended,107.0,568296.0,360.0,1.0,47.0,late,0.0,-253.0,-5.0,47.0,early
20255,573423,358764,mobile,ended,52.0,569793.0,30.0,0.0,52.0,late,0.0,22.0,0.0,22.0,late
20260,574789,325328,connect,ended,40.0,562389.0,690.0,0.0,40.0,late,0.0,-650.0,-11.0,10.0,early
20267,566001,310571,mobile,ended,22.0,562807.0,300.0,0.0,22.0,late,0.0,-278.0,-5.0,22.0,early
20283,567264,410255,connect,ended,183.0,564975.0,0.0,3.0,3.0,late,0.0,183.0,3.0,3.0,late
20304,569088,394869,mobile,ended,175.0,567711.0,360.0,2.0,55.0,late,0.0,-185.0,-4.0,55.0,early
20305,569229,374486,mobile,ended,46.0,569375.0,570.0,0.0,46.0,late,0.0,-524.0,-9.0,16.0,early
20354,562389,325328,connect,ended,16.0,561921.0,330.0,0.0,16.0,late,0.0,-314.0,-6.0,46.0,early
20438,568411,358023,mobile,ended,641.0,564155.0,0.0,10.0,41.0,late,0.0,641.0,10.0,41.0,late
20439,568482,386211,mobile,ended,43.0,561829.0,630.0,0.0,43.0,late,0.0,-587.0,-10.0,13.0,early
20441,568975,315136,connect,ended,58.0,566481.0,150.0,0.0,58.0,late,0.0,-92.0,-2.0,28.0,early
20460,573086,385303,connect,ended,125.0,572075.0,660.0,2.0,5.0,late,0.0,-535.0,-9.0,5.0,early
20487,540973,288973,mobile,ended,17.0,537775.0,570.0,0.0,17.0,late,0.0,-553.0,-10.0,47.0,early
20493,541426,393185,mobile,ended,97.0,538564.0,150.0,1.0,37.0,late,0.0,-53.0,-1.0,7.0,early
20511,542314,388111,mobile,ended,38.0,509727.0,30.0,0.0,38.0,late,0.0,8.0,0.0,8.0,late
20540,544444,392327,mobile,ended,352.0,539009.0,660.0,5.0,52.0,late,0.0,-308.0,-6.0,52.0,early
20577,546659,333731,mobile,ended,17.0,548560.0,120.0,0.0,17.0,late,0.0,-103.0,-2.0,17.0,early
20588,547255,334190,connect,ended,49.0,547969.0,240.0,0.0,49.0,late,0.0,-191.0,-4.0,49.0,early
20604,548340,390702,connect,ended,72.0,532915.0,180.0,1.0,12.0,late,0.0,-108.0,-2.0,12.0,early
20619,549715,310661,mobile,ended,87.0,560574.0,60.0,1.0,27.0,late,0.0,27.0,0.0,27.0,late
20750,550270,399575,connect,ended,51.0,548971.0,690.0,0.0,51.0,late,0.0,-639.0,-11.0,21.0,early
20762,551115,360460,connect,ended,31.0,550135.0,60.0,0.0,31.0,late,0.0,-29.0,-1.0,31.0,early
20777,552034,361156,mobile,ended,335.0,548172.0,0.0,5.0,35.0,late,0.0,335.0,5.0,35.0,late
20780,552290,370049,mobile,ended,66.0,541329.0,660.0,1.0,6.0,late,0.0,-594.0,-10.0,6.0,early
20799,553299,412021,mobile,ended,13.0,552971.0,600.0,0.0,13.0,late,0.0,-587.0,-10.0,13.0,early
20802,553351,406124,connect,ended,90.0,557210.0,0.0,1.0,30.0,late,0.0,90.0,1.0,30.0,late
20803,553447,362187,connect,ended,487.0,548278.0,690.0,8.0,7.0,late,0.0,-203.0,-4.0,37.0,early
20875,558711,249274,connect,ended,10.0,542660.0,180.0,0.0,10.0,late,0.0,-170.0,-3.0,10.0,early
20896,559828,376619,mobile,ended,56.0,552342.0,450.0,0.0,56.0,late,0.0,-394.0,-7.0,26.0,early
20918,561206,312603,connect,ended,10.0,554958.0,30.0,0.0,10.0,late,0.0,-20.0,-1.0,40.0,early
20922,561403,412139,mobile,ended,290.0,563942.0,120.0,4.0,50.0,late,0.0,170.0,2.0,50.0,late
20924,561476,410402,mobile,ended,11.0,550186.0,0.0,0.0,11.0,late,0.0,11.0,0.0,11.0,late
21014,559966,395204,connect,ended,19.0,555436.0,720.0,0.0,19.0,late,0.0,-701.0,-12.0,19.0,early
21021,560740,383344,connect,ended,17.0,534678.0,60.0,0.0,17.0,late,0.0,-43.0,-1.0,17.0,early
21038,561898,404789,mobile,ended,284.0,561771.0,360.0,4.0,44.0,late,0.0,-76.0,-2.0,44.0,early
21047,562282,398733,mobile,ended,126.0,555245.0,570.0,2.0,6.0,late,0.0,-444.0,-8.0,36.0,early
21054,562649,379751,connect,ended,72.0,565386.0,0.0,1.0,12.0,late,0.0,72.0,1.0,12.0,late
21163,565721,381470,mobile,ended,44.0,564855.0,0.0,0.0,44.0,late,0.0,44.0,0.0,44.0,late
21165,565739,353535,mobile,ended,187.0,564894.0,480.0,3.0,7.0,late,0.0,-293.0,-5.0,7.0,early
21170,566017,396034,connect,ended,46.0,569645.0,510.0,0.0,46.0,late,0.0,-464.0,-8.0,16.0,early
21213,568325,354026,mobile,ended,3.0,567791.0,90.0,0.0,3.0,late,0.0,-87.0,-2.0,33.0,early
21221,568724,382821,connect,ended,7.0,560988.0,720.0,0.0,7.0,late,0.0,-713.0,-12.0,7.0,early
21228,569688,344254,connect,ended,61.0,568778.0,690.0,1.0,1.0,late,0.0,-629.0,-11.0,31.0,early
21266,567741,294059,mobile,ended,111.0,567708.0,120.0,1.0,51.0,late,0.0,-9.0,-1.0,51.0,early
21275,568523,297973,mobile,ended,12.0,567121.0,240.0,0.0,12.0,late,0.0,-228.0,-4.0,12.0,early
21286,569717,377312,mobile,ended,230.0,545045.0,90.0,3.0,50.0,late,0.0,140.0,2.0,20.0,late
